company_name,company_website,primary_service,secondary_services,business_model,primary_industry,secondary_industries,sub_industry,specificity,company_type,client_profile,company_stage,geography,confidence,detected_signals,reasoning
Rhino Julie,http://www.rhinosquad.org,staffing,"sourcing, rpo",contract,multi_industry,other,virtual_assistants,high,smb,smb_general,not_applicable,national,8,"US‑based entrepreneurs, small to medium‑sized businesses, virtual assistant services, Filipino virtual assistants, cost‑saving focus, ""Super Rhino Team"" training, onboarding and task management, emphasis on off‑loading computer‑based tasks, no sector‑specific client mentions.","The firm markets virtual assistant staffing for US entrepreneurs, explicitly targeting small‑to‑medium businesses, which points to a clear niche (high specificity). No single industry dominates the language, so multi_industry is used with 'other' as secondary. The service model is ongoing staffing (contract) and they also source and manage assistants, fitting the staffing primary service."
Virtdrop,http://www.virtdrop.com,permanent_recruiting,sourcing,not_specified,other,,virtual_assistants,high,mixed,mixed_types,not_applicable,unknown,7,"mentions staffing agencies as target clients; offers full‑time Virtual Assistants (VAs) to agencies; focuses on admin and operations tasks; provides VA sourcing, vetting, onboarding, and retention; talks about a pool of talent with recruitment specialties; references virtual assistant scene, integration, and scaling agencies.","The text repeatedly emphasizes providing full‑time virtual assistants to staffing agencies, indicating a clear niche (permanent placement of VAs). Industry signals point to the 'other' category with a sub‑industry of virtual assistants. No size or geography details are given, so client type is marked as mixed, and confidence is moderate."
Advisors,http://www.staffingadvisors.com,executive_search,permanent_recruiting,retained,other,"healthcare, education",nonprofit,high,mixed,nonprofit_large,not_applicable,national,9,"executive search firm, Washington D.C., associations, certification boards, foundations, nonprofits, social enterprises, mission‑driven organizations, CEO placements, 100% retention, guarantee periods, budgets $2.5M‑$240M, healthcare sector, education sector, United States focus, consulting, competency‑driven recruiting","The firm explicitly markets executive search for nonprofits, associations, foundations and social enterprises, indicating a clear niche (high specificity). This mission‑driven focus maps to the 'other' industry with a nonprofit sub‑industry. Client budgets and sector mentions suggest they serve a range of organization sizes, leading to a mixed client type and a nonprofit_large profile."
Advisors,http://www.staffingadvisors.com,executive_search,,not_specified,other,,nonprofit,high,mixed,mixed_types,not_applicable,national,9,"associations, certification boards, foundations, nonprofits, social enterprises, mission‑driven organizations, executive search for CEOs and executive directors, budgets $2.5M‑$240M, United States focus, Washington D.C. location, 20+ years experience, unconditional replacement guarantee, consulting services.","The firm explicitly markets executive search for associations, foundations, and nonprofits, indicating a clear nonprofit focus (primary_industry=other, sub_industry=nonprofit). Their client budget range and lack of geographic limits suggest they serve both large and smaller mission‑driven entities, leading to a mixed client_type and mixed_types profile. No pricing model is disclosed, so business_model is not_specified."
Ciprani,http://www.cipraniconsulting.com,permanent_recruiting,sourcing,not_specified,other,,real_estate_services,high,smb,smb_professional,not_applicable,unknown,7,mentions recruiting and training talent for the Real Estate industry; systematic screening applicable in healthcare and employment; business consulting and a la carte services; focus on real estate agents needing trained staff; no geographic or client size specifics.,"The text repeatedly emphasizes recruiting and training for real estate agents, making real estate the dominant industry (mapped to other > real_estate_services). Services are centered on permanent placement with added sourcing, and the target clients are small professional firms, leading to an SMB professional profile. No pricing or geographic details are provided, so business model and geography remain unspecified."
Cynergists,http://www.cynergists.com,staffing,,not_specified,multi_industry,"manufacturing, other",automotive,medium,mixed,mixed_types,not_applicable,unknown,7,"mentions serving sports organizations (NFL, NBA), automotive companies, real estate firms; offers AI agents for revenue, operations, workflows; provides virtual assistants for solopreneurs to large businesses; no geographic limits stated.","The firm explicitly offers virtual assistants (human staffing) and AI‑agent automation, indicating a staffing focus. Client examples span sports, automotive, and real estate, with no single sector dominating, leading to a multi‑industry classification. The mix of client sizes yields a mixed client type and profile."
Mamba VP,http://www.mambavp.com,staffing,sourcing,not_specified,multi_industry,,,low,mixed,mixed_types,not_applicable,unknown,6,"mentions virtual workers, virtual assistance, dedicated personnel for businesses, no specific industry, role, or client size mentioned; generic language about honesty, integrity, and quality placements.","The text only describes providing virtual staff without industry or client size specifics, leading to a generic staffing classification and multi-industry label. Lack of contract or fee details results in a not_specified business model, and the broad target audience yields mixed client type and profile."
OE Consulting,http://www.oeconsulting.com,executive_search,,not_specified,other,,nonprofit,high,mixed,nonprofit_large,not_applicable,unknown,8,"family offices, foundations, nonprofits, impact investing firms, University’s Contemplative Science Center, Bears Ears Partnership, Charles Stewart Mott Foundation, University of Virginia, Aspen Institute, Energy Foundation, Regenerative Social Finance, World Resources Institute, Kenneth Rainin Foundation, Sierra Club Foundation, impact evaluation, strategic planning for mission-driven organizations","The firm repeatedly mentions executive search for CEOs and leadership roles, positioning it as an executive_search provider. All client examples are foundations, universities, NGOs, and impact‑investing entities, indicating a clear focus on the nonprofit/impact sector, thus primary_industry = other with sub_industry = nonprofit. No pricing model is disclosed, so business_model is not_specified. The niche is specific enough to be high specificity, and the client mix spans large nonprofits and mission‑driven organizations, leading to a mixed company_type and nonprofit_large profile."
Titan Talent,http://www.titantalentpartners.com,executive_search,"staffing, sourcing",retained,multi_industry,,,high,mixed,enterprise_private,not_applicable,unknown,7,"Executive search focus; C‑suite and director‑level roles (CEO, CIO, CFO, CHRO, CRO, CPO); retained, contained, diversity, project and volume recruitment offerings; emphasis on difficult, ambiguous, confidential, obscure and rescue searches; 100% women‑owned; speed and quality metrics; experience with Fortune 500 companies; no explicit industry or client‑size mentions.","The firm clearly positions itself as a retained executive search provider for C‑suite roles, indicating a high‑specificity niche. No industry or client‑size signals are present, so a multi‑industry classification is used and the client profile defaults to large private enterprises based on the Fortune 500 experience mentioned."
Carlson,http://www.carlsongroupllc.com,executive_search,,retained,multi_industry,"finance, construction",insurance,medium,enterprise,enterprise_private,not_applicable,unknown,8,"mentions finance, insurance, construction sectors; focuses on executive and C‑level roles; mid‑level management; high‑touch consultative approach; targets companies seeking CEOs and senior leaders; no geographic or budget specifics.","The firm explicitly markets executive search services (retained model) for finance/insurance and construction, indicating multiple industries without a clear dominant one, leading to a multi_industry classification. The focus on senior leadership suggests large enterprise clients, likely private, and the lack of geographic detail leaves geography unknown."
IveSearch,http://www.ivesearch.com,executive_search,,contingency,multi_industry,"finance, retail, healthcare",,medium,mixed,mixed_types,not_applicable,national,8,"Executive recruitment for mid‑senior level roles; functional focus on Marketing, Sales, HR, Operations, Engineering, Supply Chain/Logistics, Legal, Accounting/Finance; industry focus on Consumer Packaged Goods (CPG), Retail, Financial Services, Pharmaceutical; mentions both contingency and retained searches; operates locally and nationally across the United States; no explicit client size or stage signals.","The firm explicitly lists four distinct industries (CPG, Retail, Financial Services, Pharmaceutical) with no single one dominating, leading to a multi‑industry classification. It offers executive search services on both contingency and retained bases, indicating a contingency business model. Client type signals are broad, covering various sizes, so a mixed profile is most appropriate."
NextOne,http://www.nextonestaffing.com,executive_search,staffing,not_specified,multi_industry,other,,medium,mixed,mixed_types,not_applicable,global,7,"mentions executive search and staffing, C-level talent placement, serves small startups to global enterprises, based in Santa Rosa California, no specific industry or sector references, emphasizes customized cultural fit and ethical practices, BBB accreditation, award recognitions.","The firm explicitly markets executive search (C‑level) and staffing services, but provides no industry focus, leading to a multi‑industry classification with 'other' as secondary. Client types range from startups to large enterprises, so the profile is mixed. Geographic scope is inferred as global from the mention of serving global enterprises."
Excel Talent,http://www.exceltalentsolutions.com,executive_search,permanent_recruiting,not_specified,multi_industry,,,low,mixed,mixed_types,not_applicable,national,7,no explicit industry or niche mentions; description is generic executive and professional recruiting across all sectors; no client size or sector signals.,"The firm advertises executive and professional recruiting with retained and contingency options, indicating executive_search as the core service. No industry-specific language appears, so the industry is classified as multi_industry with low specificity. Client type is mixed because no size or sector is highlighted, and the geography is national due to a nationwide service claim."
Gerard Daniels,http://www.gerard-daniels.com,executive_search,,retained,multi_industry,,,low,enterprise,enterprise_private,not_applicable,global,8,"The description mentions serving ""various industries and sectors"" and highlights leadership and board needs, but provides no specific industry references such as healthcare, technology, finance, etc.","The firm offers executive search and board consulting, typical of retained executive search models. No industry is singled out, so multi_industry is used. The language targets large, leading companies, indicating an enterprise client base, and the global office footprint points to a worldwide geography."
CareerList,http://www.performsearch.com,executive_search,,not_specified,unknown,,,low,unknown,unknown_type,not_applicable,unknown,6,"no industry signals — generic executive search language only; mentions executive search, curated community of rising talent, advisory services, leadership roles; no client size, sector, or geographic clues.","The firm only describes executive search and advisory services without naming any target industries, client sizes, or regions, leading to an unknown industry and client profile classification. The lack of specific signals results in low specificity and a moderate confidence level."
InPeak Demand,http://www.inpeakdemand.com,permanent_recruiting,,not_specified,other,,renewables,high,unknown,unknown_type,not_applicable,unknown,7,"renewable energy, solar energy, energy storage, electric vehicles, sustainability, focus on hiring leaders for renewable sector","The description repeatedly emphasizes renewable energy, solar, storage, and EVs, establishing a clear niche in the renewables sector (primary_industry 'other' with sub_industry 'renewables'). The service is framed as connecting organizations with qualified leaders, suggesting permanent placement rather than staffing or RPO. No details on pricing, contract type, or client size are given, so business model and client classifications remain unknown."
Slate,http://www.joinslate.com,executive_search,,retained,finance,manufacturing,banking,high,mid_market,mid_market_private,not_applicable,national,8,"financial services, banks, insurance firms, wealth management companies, private equity firms, industrial firms, smaller market cities, U.S. Heartland, executive-level talent, diversity, equity, and inclusion consulting, organizational strategy development, retained executive search, focus on smaller market cultures","The firm explicitly states it is a retained executive search firm serving financial services (banks, insurance, wealth management, private equity) in smaller U.S. markets, indicating a clear finance focus. The retained model and niche on smaller market cities give a high‑specificity classification. Client size appears mid‑market rather than enterprise or SMB, leading to the mid_market_private profile."
Catholic,http://www.catholicrecruiter.com,executive_search,,not_specified,other,,nonprofit,high,mixed,nonprofit_large,not_applicable,unknown,8,"Catholic organizations, dioceses, Catholic educational institutions, religious orders, non‑profit placement, Catholic affiliated organizations, mission‑driven culture, faith‑based leadership recruitment, religious sector","The firm explicitly markets executive search for Catholic dioceses, schools, religious orders and other faith‑based non‑profits, indicating a clear niche. This niche places it in the 'other' industry with a nonprofit sub‑industry. Client types span large religious institutions and schools, leading to a mixed profile and the 'nonprofit_large' client descriptor."
Flatiron Search,http://www.flatironsearch.com,executive_search,,retained,retail,"information_technology, healthcare",consumer_goods,high,vc_backed,vc_growth,series_c_plus,national,8,"high-growth consumer brands; beauty; business services; consumer products/services; consumer health care; education & training; experiential/specialty retail; food & beverage/restaurants; franchising; health & wellness/active lifestyle; hospitality & nightlife; technology & SaaS; roles in finance, operations, supply chain, CEO, presidents, functional leads; US and Canada coverage; well‑funded, fast‑growing companies","The firm describes itself as a boutique executive‑search firm focused on high‑growth, well‑funded consumer brands, indicating a clear niche (executive search for fast‑growing consumer companies). The dominant industry theme is retail/consumer goods, with secondary mentions of tech (SaaS) and consumer health, leading to a retail primary classification. Clients are portrayed as VC‑backed growth‑stage companies, so vc_growth is the best fit."
Flower Hire,http://www.flowerhire.com,executive_search,staffing,not_specified,other,,,high,mixed,mixed_types,not_applicable,unknown,8,"cannabis industry, executive search, staffing, HR advisory services, focus on executive and HR leadership roles, exclusive niche in cannabis sector","The firm explicitly states it serves only the cannabis sector, positioning itself as a niche executive search and staffing provider, which gives a clear industry signal (other) and a high‑specificity niche. No client size or funding stage is mentioned, so the client type is mixed and the profile is classified as mixed_types. Business model and geography are not described, leading to not_specified and unknown respectively."
Prestige,http://www.prestigescientific.com,executive_search,,not_specified,healthcare,,pharma,high,unknown,mixed_types,not_applicable,global,8,life sciences sector; executive search; clinical R&D; commercial; diagnostics & tools; discovery & preclinical; drug safety & pharmacovigilance; executive leadership & board of directors; global network; no geographic limitation; no pricing model disclosed,"The firm explicitly markets executive search for the life sciences sector, with detailed functional areas (clinical R&D, drug safety, etc.) indicating a clear healthcare focus, specifically pharma/biotech. No size or VC signals are provided, so client type and profile are marked as mixed/unknown. Geography is global as no limits are mentioned."
GX People,http://www.gxpeople.com,executive_search,"permanent_recruiting, staffing",contingency,healthcare,,pharma,high,mixed,mixed_types,not_applicable,global,9,"mentions pharmaceuticals, biotechnology, medical devices; functional areas include Quality Assurance, Quality Control, Analytical Method Development, Quality Management, Audit and Compliance, Data Integrity, Manufacturing, Engineering and Production, Validation, Technical Operations, Distribution of Medicinal Products, Regulatory Affairs; services listed are executive search, contingency search, interim/contract staffing; geographic coverage includes United Kingdom, United States, Germany, Spain, Switzerland; language targets businesses of all sizes.","The firm explicitly focuses on pharma, biotech, and medical devices, clearly placing it in the healthcare industry with a strong niche. It offers executive search, contingency (permanent) recruiting, and interim staffing, indicating those services. Client size is not defined, so a mixed profile is most accurate, and its presence in multiple countries makes it global."
FlowerHire,http://www.flowerhire.com,executive_search,staffing,not_specified,other,,,high,mixed,mixed_types,not_applicable,unknown,8,cannabis industry; executive search; staffing; HR advisory services; focus exclusively on cannabis companies; roles include executive and senior positions; language about forward‑thinking individuals and change‑makers; no mention of other sectors or geographic scope.,"The firm repeatedly emphasizes its exclusive focus on the cannabis sector and offers both executive search and staffing, giving a clear niche (high specificity). Cannabis does not map to any predefined industry, so it falls under 'other'. No client size or geography is described, leading to a mixed client type and profile."
SRI Talent,http://www.sritalent.com,executive_search,"permanent_recruiting, staffing",retained,healthcare,"manufacturing, finance",,medium,mixed,mixed_types,not_applicable,unknown,7,"mentions aerospace, engineering, finance and accounting, food, human resources, and a strong focus on healthcare (testimonial from a $6B healthcare company building a Corporate Strategy team). Also references retained search, contingent placement, and contract staffing.","The firm offers retained executive search, contingent placement, and contract staffing, indicating a primary focus on executive search. While it lists many industries, the explicit emphasis on a large healthcare client suggests healthcare as the dominant sector, with manufacturing (aerospace, food) and finance as secondary. Client types span multiple sizes, leading to a mixed profile classification."
Delson,http://www.delsontalent.com,executive_search,"permanent_recruiting, rpo",retained,healthcare,"information_technology, construction",biotech,medium,mixed,mixed_types,not_applicable,local,8,"biotech, pharmaceutical, medical_devices, HVAC, technology, early-stage startups, general & administrative (G&A), sales, consulting/contracting, retained searches, full cycle recruitment, embedded recruitment, ATS and recruitment tool evaluation, San Francisco, Long Beach, California","The firm repeatedly mentions biotech, pharma, and med‑device work, indicating a healthcare focus, while also listing tech and HVAC, giving secondary industries. It highlights retained executive searches, suggesting a retained business model and executive_search as the primary service. Client types span startups to established firms, leading to a mixed profile and local California geography."
Brio,http://www.briogrp.com,executive_search,permanent_recruiting,not_specified,healthcare,information_technology,biotech,high,vc_backed,vc_growth,series_c_plus,unknown,8,"life sciences, biotech, pharma, digital health, medical device, health tech, IT, SaaS, high‑growth startups, innovative companies, clinical executive leadership, medical science liaisons, regulatory executives, executive search process, talent acquisition partner","The firm emphasizes executive search for life‑science roles (biotech, pharma, medical devices) and also mentions IT/SaaS, indicating a primary focus on healthcare with a secondary tech angle. Their target market is high‑growth startups, which are typically VC‑backed, placing them in the vc_growth segment (Series B/C). No pricing model or geographic scope is disclosed, leading to a not_specified business model and unknown geography."
Chasm Partners,http://www.chasmpartners.com,executive_search,rpo,retained,healthcare,,health_tech,high,vc_backed,vc_growth,series_c_plus,unknown,9,"healthcare talent solutions provider; specializes in healthcare services, healthcare technology, and Life Sciences; executive search and non‑executive search; retained search model (ChasmSearch); RPO offering (ChasmTeam); leadership coaching (ChasmLead); at‑risk recruiting model; clients backed by top Venture Capital and Private Equity; high‑growth, innovative healthcare companies; focus on executive and VP‑level placements; no geographic specificity mentioned.","The firm repeatedly emphasizes healthcare (services, technology, life sciences) as its core market, uses a retained executive search model, and serves VC/PE‑backed high‑growth healthcare companies, indicating a clear niche. These signals justify classifying it as executive_search, retained, healthcare (health_tech), vc_growth client profile at series C+ stage."
CCA,http://www.ccarecruit.com,executive_search,permanent_recruiting,not_specified,manufacturing,"logistics, information_technology, finance",,medium,mixed,mixed_types,not_applicable,national,7,"mentions logistics, supply chain, manufacturing, distribution, transportation, sales, finance, technology, accounting, VP of Logistics, Directors of Transportation, CEOs, Corporate Controllers, nationwide service, woman-owned professional recruiting firm.","The firm emphasizes executive and professional placement for leadership roles, especially in manufacturing, logistics, and supply chain, indicating a primary focus on manufacturing. It serves a broad range of client sizes across the U.S., leading to a mixed client type classification. Lack of explicit pricing or engagement details leaves the business model unspecified."
Palladian West,http://www.palladianwest.com,executive_search,,retained,multi_industry,,,low,mixed,mixed_types,not_applicable,global,7,"mentions executive search, executive coaching, leadership consulting, talent strategy, team architecture, data‑driven process, Predictive Index psychometric tools, white‑glove process; no specific industry, sector, or client vertical referenced.","Both firms focus on executive search and leadership services without naming any industry or client size, indicating a broad, multi‑industry approach. The retained nature of executive search suggests a retained business model, and the lack of geographic limits points to a global reach."
KTG Search,http://www.ktgsearch.com,executive_search,sourcing,retained,multi_industry,"information_technology, retail",saas,high,vc_backed,vc_growth,series_c_plus,unknown,8,"executive search focus on C‑level and VP roles, Go‑to‑Market and operational leadership, board placements, talent advisory for venture capital and private equity portfolios, emphasis on underrepresented leaders, high‑growth consumer companies, repeat client referrals, no geographic specificity.","The firm explicitly markets executive search for C‑level/VP roles and offers talent advisory to VC/PE portfolios, indicating a focus on high‑growth, venture‑backed consumer companies. This niche points to a VC‑backed client base in growth stages (Series B/C). No dominant industry is mentioned, so a multi‑industry classification with IT and retail as secondary sectors is appropriate."
LS,http://www.ls-international.com,executive_search,permanent_recruiting,retained,manufacturing,retail,food_beverage,high,enterprise,enterprise_public,not_applicable,unknown,8,"focus on executive search for C‑Suite roles; targets consumer goods sector; client list includes Melitta, Brita, Carlsberg, Coty, Danone, Puma, Lindt, Duracell; mentions retailers needing new leaders; emphasizes international service for consumer companies; 95% repeat business; talent development and assessment services.","The firm explicitly offers executive search for C‑Suite positions in consumer goods companies, with a client roster of large, publicly‑traded manufacturers (food, beverage, apparel, etc.). This points to a manufacturing focus, specifically food & beverage, and an enterprise‑public client base. The executive‑search model is typically retained, leading to the chosen classifications."
Meederby,http://www.meederby.com,executive_search,,retained,other,,,high,mixed,mixed_types,not_applicable,unknown,8,"focus on staffing industry, workforce solutions, professional services staffing, light industrial staffing, executive search for staffing firms, mentions of start‑ups to global staffing players, deep expertise in staffing and workforce management.","The firm repeatedly emphasizes its niche in the staffing and workforce solutions sector, making staffing the dominant industry signal, which maps to 'other' in the allowed list. It serves a range of staffing firms from startups to large global players, indicating a mixed client base, so 'mixed_types' is the most precise profile. Executive search is the clear service, typically retained, leading to the chosen classifications."
Cole,http://www.colegroup.com,executive_search,,retained,information_technology,,saas,high,mixed,vc_growth,series_c_plus,unknown,9,"mentions of technology clients such as OpenAI, DoorDash, Figma, Datadog, Vercel, Lambda, Stripe, Workday, Atlassian, Zendesk, MongoDB, Confluent, Twilio, Splunk, Snap, Airbnb, Instacart, Supercell, Roblox, Tinder, Reddit; focus on sales and marketing executive roles (CRO, CMO); language about high‑growth, tech‑focused companies; no references to other sectors.","The firm exclusively offers executive search for senior go‑to‑market roles and cites a roster of well‑known technology companies, indicating a clear focus on the IT sector, specifically SaaS. Their high‑touch, retained model and client list of fast‑scaling, VC‑backed tech firms point to a vc_growth profile. No other industry or geography is emphasized, leading to high confidence in these classifications."
Safire,http://www.safirepartners.com,executive_search,,not_specified,multi_industry,"information_technology, retail",saas,low,mixed,vc_growth,series_c_plus,unknown,6,"Client list includes many technology and internet companies (AirMap, Airpush, CloudVirga, DataScience, Defy Media, Docstoc, FanConnect, First Advantage, Fox Sports Media Group, Funny or Die, GumGum, Headspace, ICON Aircraft, Instantly, Interset, Invoca, LegalZoom, Live Nation, Machinima, Mindshow, OpenX, Pathmatics, PatientPop, Payoff, RealtyMogul, Real­tyTrac, Revolution Prep, Science Inc, Shift Technologies, TrueCar, Turtle Beach, Upfront Ventures, etc.). Signals span media/entertainment, ad‑tech, e‑commerce, fashion/beauty (Beautycounter, HauteLook, Ipsy, MVMT Watches, Nasty Gal, Reformation), health/medical (Health Data Vision, Lifescript, MD Insider), finance (Payoff, Real­tyMogul), aerospace (ICON Aircraft), energy (Inspire Energy). No single sector dominates >50% of the list.","The firm is an executive search boutique focused on emerging companies, with a client roster that spans many tech‑centric and consumer‑focused startups, indicating no single dominant industry. This breadth leads to a multi_industry classification, with information technology (saas) as the strongest secondary signal. The emphasis on early‑to‑mid‑stage growth companies points to a vc_growth client profile."
33 Eleven,http://www.33eleven.com,executive_search,,retained,information_technology,,saas,high,vc_backed,vc_growth,series_c_plus,unknown,8,"mentions executive search, C‑level, VP, board members; focuses on technology, product development, data management, go‑to‑market; serves high‑growth markets, startups, early‑stage to IPO companies; references private equity, venture capital, growth‑stage firms; no geographic limits or size specifics.","The firm explicitly offers executive search (retained) for technology‑focused, high‑growth companies, citing VC and PE backed startups through IPO. This points to an information technology primary industry with a SaaS‑type sub‑industry and a VC‑growth client profile. Lack of geographic or size details leads to unknown geography and a confidence of 8."
Quantum Talent,http://www.quantumtalent.io,permanent_recruiting,"executive_search, rpo",not_specified,information_technology,,ai_ml,high,vc_backed,vc_growth,series_c_plus,unknown,8,"targets VC‑backed AI, SaaS and Web3 startups; mentions Tier 1 venture firms (Sequoia, a16z, Khosla, Lightspeed, Coatue, Bessemer, Index, Craft); client list includes Character AI, Scale AI, Together AI, Hebbia, ClickUp, Rippling, Moonpay, Yuga Labs, etc.; focuses on engineering, product, finance and go‑to‑market roles; emphasizes building entire companies from seed through IPO.","The firm repeatedly emphasizes recruiting for VC‑backed AI, SaaS and Web3 startups and lists numerous such clients, clearly placing it in the information technology sector. Its focus on full‑team builds and executive suites points to permanent recruiting with executive search capabilities. The client base is described as VC‑backed growth‑stage companies, leading to a vc_growth profile and a series C+ stage classification."
Crui t,http://www.cruitgroup.com,executive_search,"permanent_recruiting, staffing",not_specified,information_technology,finance,cybersecurity,medium,mixed,vc_growth,series_c_plus,unknown,8,"emerging technologies, crypto/blockchain, fintech, high-growth startups, managed service providers, software engineering, blockchain, IT infrastructure, information security, business development, product marketing/management, finance","The firm highlights executive search, direct hire and contract staffing, indicating a primary focus on executive_search with permanent and staffing as secondary services. Industry cues (emerging tech, crypto, blockchain, fintech, software engineering, IT infrastructure, information security) point to information_technology as dominant, with finance as a secondary. Client language (high‑growth startups, crypto, fintech) suggests VC‑backed growth‑stage companies, leading to a vc_growth profile and a series_c_plus stage."
Laurel,http://www.laurel-group.com,executive_search,sourcing,not_specified,information_technology,"retail, manufacturing",enterprise_software,high,mixed,mixed_types,not_applicable,national,8,"technology-focused companies, executive leadership hiring, enterprise software (PaaS/SaaS), big data & analytics, cloud computing, cybersecurity, retail, IoT, manufacturing, network services, wireless & mobility, eCommerce, robotics, US cities (Seattle, San Francisco, New York, Chicago) indicating national reach, executive search process, talent management, 500+ searches, 100% placement success","The firm explicitly markets executive search for technology-focused firms and lists many tech sub‑sectors, pointing to information technology as the dominant industry. Their focus on executive leadership and mention of sourcing supports a primary executive_search service with sourcing as a secondary. No size or funding details are given, so client type is mixed, and the client profile is best captured as mixed_types. Geographic coverage across major US cities signals a national reach."
Quantum Talent,http://www.quantumtalent.io,permanent_recruiting,"executive_search, sourcing",not_specified,information_technology,,ai_ml,high,vc_backed,vc_growth,series_c_plus,unknown,8,"focus on VC‑backed AI, SaaS and Web3 startups; mentions of Tier 1 VCs (Sequoia, a16z, Khosla, Lightspeed, etc.); client list includes Character AI, Scale AI, ClickUp, Rippling, Moonpay, Yuga Labs, etc.; language about building executive suites, engineering, product, finance, go‑to‑market teams; “seed through IPO” lifecycle; startup speed and elite standards.","The firm repeatedly emphasizes recruiting for VC‑backed AI, SaaS and Web3 startups, naming prominent venture firms and startup clients, which points to an information‑technology focus with an AI/ML sub‑industry. Its service description centers on full‑time placements and executive hiring, so permanent recruiting is primary. The target market spans growth‑stage startups, leading to a vc_growth profile and series‑C‑plus stage classification."
Parker Remick,http://www.parkerremick.com,executive_search,,retained,information_technology,,ai_ml,high,mixed,vc_growth,series_c_plus,global,9,"focus on technology and AI leadership roles; engineering, product management, C‑level and VP placements; venture‑backed startups; private‑equity‑backed firms; public companies; AI robotics startup Mytra case study; retained executive search model; placements in US and 26 other countries; emphasis on growth, platform modernization, value‑creation plans.","The firm explicitly markets itself as a retained executive search firm specializing in technology and AI leadership, indicating a clear information‑technology focus (ai_ml sub‑industry). It repeatedly mentions serving venture‑backed startups and private‑equity‑backed firms, pointing to a VC‑growth client profile. Global placement reach and retained model further support the classifications."
Kindred Partners,http://www.kindredpartners.com,executive_search,,not_specified,information_technology,healthcare,saas,high,vc_backed,vc_growth,series_c_plus,unknown,9,"technology startups, venture-backed, enterprise, consumer, healthcare, executive talent, founders, CEOs, boards of directors, portfolio companies, Amazon, Anaplan, Asana, AuditBoard, Auris Surgical, Bill.com, Coupa, Facebook, Gainsight, GitLab, Gusto, HashiCorp, Looker Data, MuleSoft, Postmates, Ripple, Samsara, TeamSnap, TheRealReal, Udemy, 20 years experience, executive search focus, no geographic limits mentioned","The firm explicitly markets executive search for venture-backed technology startups, listing numerous SaaS and tech companies as clients, indicating a clear focus on the information technology sector (specifically SaaS). Their emphasis on early and growth-stage VC-backed firms points to a vc_growth client profile, with the stage corresponding to Series B/C and beyond."
Zeal,http://www.zeal.ventures,executive_search,"permanent_recruiting, sourcing",not_specified,information_technology,retail,ai_ml,high,vc_backed,vc_growth,series_c_plus,unknown,9,"executive recruiting for startups; seed to pre-IPO focus; technology and consumer sectors; AI, engineering, product, go-to-market, finance, operations, people, legal functions; senior‑level roles (C‑suite, VP, Head of); direct sourcing approach; no geographic or pricing details provided.","The firm explicitly markets executive search for early‑stage and growth‑stage startups, emphasizing technology (AI, engineering) and consumer sectors, which points to an information‑technology focus with an AI/ML sub‑industry. Client language (seed to pre‑IPO) aligns with VC‑backed growth companies, leading to a vc_growth profile and series_c_plus stage classification."
Combine,http://www.combinegr.com,executive_search,"rpo, permanent_recruiting",not_specified,information_technology,"retail, logistics",,medium,mixed,mixed_types,not_applicable,global,7,"mentions executive search, outsourcing, direct hire; targets technology and corporate sectors; client examples Boticário (retail/consumer goods) and Nowports (logistics); emphasizes global expertise and data‑driven solutions; no specific geographic focus stated.","The firm highlights executive search, RPO, and direct hire, with a clear emphasis on technology companies, making IT the primary industry. Client examples span retail and logistics, so those are listed as secondary industries. Lack of explicit size or stage cues leads to a mixed client profile and medium confidence."
Terransys,http://www.terransys.com,executive_search,"permanent_recruiting, rpo",not_specified,information_technology,finance,ai_ml,high,vc_backed,vc_growth,series_c_plus,local,8,"technology sector, startups, Silicon Valley, Los Angeles, B2B, B2C, Cloud, Enterprise, FinTech, Internet, IoT, Robotics, SaaS, Security, VR, VP of AI, CTO, data scientists, software engineers, retained placements, contingency placements, RPO, investors (Khosla Ventures, IA Ventures), focus on high‑level technical talent.","The firm repeatedly emphasizes recruiting technology executives, AI leaders, and software talent for startups, with explicit mentions of Silicon Valley and Los Angeles, indicating a strong focus on the information technology industry and VC‑backed clients. The presence of retained, contingency, and RPO services, plus references to AI, SaaS, and FinTech, support a high‑specificity niche classification."
SPMB,http://www.spmb.com,executive_search,,retained,information_technology,"finance, healthcare, other",saas,high,mixed,vc_growth,series_c_plus,global,9,"focus on technology market, C‑Level and Board searches, disruptive growth‑oriented startups, digital transformation for large multinationals; client list includes Google Cloud, Snowflake, Twilio, GitHub, C3.ai, Cohesity, PagerDuty, Smartsheet (SaaS/AI/Cloud); also Disney (media), Under Armour (consumer), NerdWallet (fintech), Impossible Foods (food tech), MLB (sports), Airbnb (marketplace), lululemon (apparel), Noom (health tech), Hyatt (hospitality), Amazon (e‑commerce); mentions media, consumer, financial services, healthcare, renewables sectors.","The firm repeatedly describes itself as the #1 executive search firm for the technology market and lists numerous tech‑focused clients, indicating a dominant IT focus. It explicitly mentions retained (independent) search engagements, confirming a retained business model. Client signals point to growth‑stage VC‑backed tech startups as the primary target, with additional enterprise customers, leading to a mixed client type and vc_growth profile."
Genuine Search,http://www.genuinesearchgroup.com,executive_search,,retained,multi_industry,"information_technology, finance, construction, manufacturing, real_estate",it_services,low,mixed,mixed_types,not_applicable,local,7,"mentions Administrative Support, Advertising & Marketing, Construction, Finance & Accounting, Financial Services, Human Resources, Manufacturing, Real Estate, Technology; executive search firm; exclusive searches; based in NYC; serves employers and job seekers across many sectors.","The firm explicitly markets itself as an executive search firm, indicating a retained model. It lists a wide array of sectors without a dominant one, leading to a multi‑industry classification. Geographic mention of NYC qualifies as a local market, while the lack of size or stage cues results in mixed client type and low specificity."
CMRG,http://www.gocmrg.com,executive_search,permanent_recruiting,not_specified,multi_industry,"healthcare, information_technology, finance",,low,mixed,mixed_types,not_applicable,unknown,7,"mentions education, healthcare, senior living, health and fitness, technology and IT, human resources, consumer packaged goods, retail, accounting and finance, engineering, hospitality, manufacturing; also references executive search, retained and contingency recruitment, employer branding, marketing approach to recruitment.","The firm lists a wide array of industries without a clear dominant sector, leading to a multi_industry classification. Services focus on executive search and permanent placement, with both retained and contingency models mentioned, but no single business model is dominant. Client size and stage signals are absent, indicating a mixed client base."
SRI Talent,http://www.sritalent.com,executive_search,"permanent_recruiting, staffing",not_specified,multi_industry,"manufacturing, finance, healthcare",aerospace_defense,medium,enterprise,enterprise_private,not_applicable,unknown,7,"mentions aerospace, engineering, executive roles, finance and accounting, food, human resources; testimonial from a $6 billion healthcare company; sectors listed include aerospace, finance, food, healthcare; language suggests serving large organizations across multiple verticals.","The firm highlights retained search, contingent placement, and contract staffing, indicating a broad service mix with executive search as the most emphasized. Industry signals are spread across aerospace, finance, food, and healthcare with no single dominant sector, leading to a multi‑industry classification and aerospace_defense as the sub‑industry for the first secondary industry. The testimonial from a $6 B healthcare firm and references to large organizations point to an enterprise client focus."
Outside Lines,http://www.outsidelines.co,executive_search,"staffing, rpo",not_specified,other,,,high,mixed,mixed_types,not_applicable,unknown,8,"creative companies, brand, strategy, design, marketing, advertising, studios, agencies, creative founders, CEOs, heads of departments, executive leadership, individual contributors, team leads, embedded recruiting, talent architecture, organizational design, hiring plans, role definitions, Top 15 Advertising Recruiter, independent creative talent strategy, D&I strategy, contract and contingency workers","The firm repeatedly emphasizes serving creative/advertising brands, studios, and agencies, indicating a clear niche in the 'other' industry category. Executive search is the flagship offering, with staffing and embedded recruiting (RPO) as secondary services. Client base spans startups to established firms, leading to a mixed company type and profile."
BoardMember,http://www.boardmemberconnect.com,executive_search,"sourcing, permanent_recruiting",not_specified,other,,nonprofit,high,mixed,nonprofit_large,not_applicable,national,8,"nonprofit board recruitment, nonprofit organizations, board member placement, Fortune 500 companies, mission‑matched senior executives, nationwide executive sourcing, board governance, fundraising, high‑level executives, corporate board placement programs, 100% success rate, serving hundreds of nonprofits across the country","The firm explicitly focuses on recruiting board members for nonprofit organizations, a clear niche, and also offers board placement programs for Fortune 500 firms. This points to a primary industry of 'other' with sub‑industry 'nonprofit'. Client types span both large nonprofits and corporate boards, leading to a mixed client type and the 'nonprofit_large' profile. No geographic limits are mentioned, indicating national coverage."
GS2,http://www.gs2partnership.com,executive_search,"staffing, sourcing",not_specified,multi_industry,"finance, construction",,medium,mixed,mixed_types,not_applicable,global,7,"energy sector, finance sector, built environment/construction, sustainability, ESG, clean energy, climate change, social infrastructure, placemaking, purpose‑led businesses, impact‑driven organizations, executive leadership roles (CEO, CFO, COO, CTO, CPO, CSO), sustainable finance, responsible business, corporate affairs, environmental health and safety.","The firm emphasizes executive search for sustainability‑focused roles across energy, finance and built‑environment sectors, indicating a niche but spread across multiple industries, so primary_industry is set to multi_industry with finance and construction as secondary. No explicit pricing or contract model is given, leading to a not_specified business model. Client size is unclear, so a mixed client profile is used."
Inkwell,http://www.inkwell.co,executive_search,,not_specified,multi_industry,,,low,mixed,mixed_types,not_applicable,unknown,7,"no specific industry signals – description is generic executive‑search language, mentions high‑salary, high‑powered professionals, forward‑thinking companies, but no explicit sector, role, or client size cues","The site positions Inkwell as an executive search platform with a referral‑based model, which clearly defines the primary service. No industry, role, or client‑size signals are provided, so the industry is treated as multi_industry and the client profile as mixed_types. Business model and geography are not stated, leading to a moderate confidence level."
Consultative,http://www.consultativesg.com,executive_search,permanent_recruiting,not_specified,multi_industry,"finance, information_technology",accounting,medium,mixed,mixed_types,not_applicable,unknown,7,"mentions recruiting for Accounting & Finance roles (CFO, VP, Director, Manager, Senior Financial Analyst, etc.), Information Technology roles (CTO, CIO, Software Engineer, Project Manager, etc.), and Human Resources roles (CHRO, HR Director, HR Specialist, etc.); emphasizes a consultative, low‑pressure approach; provides a job portal link; no industry, client size, or geographic signals are given.","The firm clearly positions itself as an executive search provider for senior finance, IT, and HR functions, but it does not name any target industry or client size, leading to a multi‑industry classification with finance as the first secondary industry and accounting as the sub‑industry. The lack of geographic or business‑model details reduces confidence."
Executive,http://www.executivejobsearch.net,executive_search,,not_specified,multi_industry,,,high,enterprise,enterprise_private,not_applicable,unknown,8,no industry signals — generic executive search language only,"The firm explicitly markets executive search services for C‑suite leaders with high salary ranges, indicating a clear niche (executive search). No industry or sector is mentioned, so the industry is classified as multi_industry. The lack of geographic or pricing details leads to an unknown geography and not_specified business model, while the target hiring firms are presumed to be large enterprises."
Forshay,http://www.forshay.com,executive_search,"staffing, permanent_recruiting",not_specified,multi_industry,other,,medium,mixed,mixed_types,not_applicable,unknown,7,"executive search, interim HR placements, direct hire recruiting, organizational development, design thinking workshops, inclusion/diversity consulting, client Pixar (media/entertainment), focus on progressive companies, science‑based approach to inclusion, no geographic or pricing details provided.","The firm clearly markets executive search and interim HR services, indicating an executive_search primary service with staffing and permanent recruiting as secondary. No single industry dominates the narrative; only a media client (Pixar) is mentioned, so multi_industry is appropriate. Client types range from large enterprises to unspecified progressive firms, leading to a mixed client profile."
Tap,http://www.tapartners.org,executive_search,sourcing,contingency,finance,"retail, manufacturing",insurance,medium,enterprise,enterprise_public,not_applicable,unknown,8,"Clients mentioned: IVECO Group (automotive manufacturing), BNP Paribas (banking), Generali (insurance), LVMH and Kering (luxury retail). Explicit focus on insurance and finance sectors, positions filled include Financial Controllers and insurance specialists. No geographic region stated.","KiTalent is described as an executive search firm with a pay‑upon‑value model, indicating contingency executive search. The client list and explicit mention of insurance and finance point to finance as the dominant industry, with insurance as the sub‑industry. Clients are large public corporations, so enterprise_public is appropriate. No geography is provided."
Career Development,http://www.careerdevelopmentpartners.com,executive_search,permanent_recruiting,not_specified,multi_industry,,,low,mixed,mixed_types,not_applicable,unknown,5,"mentions executive search, recruitment, career transition support, outplacement, leadership development, coaching, mental health services, HR solutions; no specific industry or sector references.","The company highlights executive search and broader talent management services without naming any industry, client size, or geography. This generic positioning leads to a multi‑industry classification and mixed client profile, with low specificity due to lack of niche signals."
US Quanta,http://www.usquanta.com,executive_search,staffing,not_specified,multi_industry,"finance, other",,low,mixed,mixed_types,not_applicable,global,7,"executive search & recruitment, HR consulting, flexible staffing, C‑suite and mid‑level manager placements, roles in finance, sales, marketing, operations, serving clients in North America and Europe (including Italy), mentions of various industries but no dominant sector.","The firm explicitly markets executive search and flexible staffing across many sectors, with only a finance role mention as a hint, leading to a multi‑industry classification. No client size or VC signals are provided, so the client profile is mixed. Geography spans North America and Europe, qualifying as global."
Hello Jagger,http://www.hellojagger.com,executive_search,,not_specified,multi_industry,,,low,unknown,unknown_type,not_applicable,unknown,5,"generic headhunting language, mentions serving companies across various sectors, no specific industry, no client size or stage details, no geographic focus","The text only describes a generic headhunting service without industry, client size, or geographic details, leading to a multi-industry classification and low specificity. Executive search is inferred from the term 'head hunting', but no business model or client profile is evident."
Acute,http://www.acute-talent.com,executive_search,"staffing, permanent_recruiting",not_specified,multi_industry,"information_technology, other",ai_ml,low,unknown,unknown_type,not_applicable,global,5,"mentions executive search, permanent recruitment, staff augmentation, bilingual virtual assistants, AI and big data, call center team building, HR consulting, technology consulting (SAP, digital transformation, e-commerce), serves North America, United Kingdom, Ibero-America; no specific industry or client size signals.","The site lists executive search first, so it is the primary service, with staffing and permanent recruiting as secondary. No industry is emphasized; signals are generic across tech, AI, and BPO, leading to a multi‑industry classification. Lack of client size or sector details results in low specificity and unknown client profile."
Broadstreet,http://www.broadstreetglobal.com,executive_search,,not_specified,construction,finance,real_estate_development,high,enterprise,enterprise_private,not_applicable,local,7,"land infrastructure development, real estate investments, home development, hotel/lodging, land banking, restaurants, specialty finance, crypto mining, self‑storage facilities, automobile dealerships; financial services consulting with emphasis on investment banking, capital markets, structured products, alternative asset classes; clients include high‑net‑worth individuals, family offices, registered investment advisors, institutional investors, large financial institutions, regional banks, asset managers, boutique firms; regional focus on the Carolinas and mention of Asia Pacific and global clients.","The text emphasizes land infrastructure and real‑estate services (dominant sector) alongside financial‑services consulting, leading to a primary construction industry classification with real_estate_development sub‑industry. Executive‑search language and high‑level client types (institutional investors, large banks) suggest an executive search service for enterprise‑level clients. Geographic focus on the Carolinas defines a local scope."
Prosperity HR,http://www.rogers-group.com,executive_search,"permanent_recruiting, staffing",not_specified,unknown,,,low,unknown,unknown_type,not_applicable,unknown,5,"no explicit industry signals; generic executive and technical search language; mentions contingent, retained, and professional contract engagements but no sector-specific client examples.","The text only describes executive and technical search services with contingent, retained, and contract options, without naming any industry verticals or client size categories. This lack of sector or client signals leads to an unknown industry and low specificity classification."
GRN Coastal,http://www.grncoastalrecruiters.com,executive_search,"permanent_recruiting, staffing",not_specified,manufacturing,"construction, information_technology",industrial_equipment,high,mixed,mixed_types,not_applicable,unknown,8,"mentions wholesale distribution and manufacturing sectors; specific industry signals include electrical, automation, industrial, construction, lighting, technology, energy, industrial supply, plumbing, HVAC, waterworks; services include executive search, entry-level/college hire programs, Talent Marketplace™ for job seekers and employers.","The firm explicitly highlights executive search as a core offering and lists many manufacturing‑related sectors (electrical, automation, HVAC, etc.), indicating a strong niche focus on manufacturing. The breadth of sector mentions (construction, technology) supports secondary industries, while the lack of size or geographic details leads to a mixed client type and unknown geography."
OSI Jobs,http://www.osijobs.com,executive_search,,retained,multi_industry,"retail, manufacturing",grocery_food_retail,high,mixed,mid_market_pe,not_applicable,national,9,"food & beverage sector, medical device manufacturing, operations/manufacturing roles, purchasing/supply chain, R&D, quality assurance/engineering, sales (national/regional/DSD), CEO/CFO/COO/GM, project management, customer service, food safety, distribution/logistics management, sanitation, PE‑backed portfolio company executive leadership, United States geography","The firm explicitly focuses on executive search for food & beverage and medical device manufacturing, indicating a clear niche (high specificity). It mentions both retained and contingency fee structures, serving PE‑backed portfolio companies as well as broader food and device firms, leading to a mixed client type and a mid‑market PE profile. No single industry dominates, so primary_industry is set to multi_industry with retail and manufacturing as secondary."
TruPath,http://www.trupathsearch.com,executive_search,"permanent_recruiting, staffing",retained,manufacturing,,electronics_manufacturing,high,mixed,mixed_types,not_applicable,national,8,"manufacturing focus; sectors mentioned: semiconductor, electronics, automotive, food, pulp and paper, metals; executive retained search; direct hire; contract-to-hire; senior-level roles; cultural fit; Arizona base; nationwide placements; 18 years experience; 16,782 senior roles filled.","The firm explicitly states it specializes in manufacturing and lists multiple manufacturing sub‑sectors, making manufacturing the dominant industry. It offers executive retained search (retained model) and also permanent and contract‑to‑hire services, indicating executive_search as the primary service. Signals point to a broad client base across the U.S., leading to a mixed client type and national geography."
American Career,http://www.americancareersearch.com,executive_search,"permanent_recruiting, sourcing",not_specified,multi_industry,,,medium,unknown,unknown_type,not_applicable,national,7,"mentions North America geography, focuses on mid and critical level positions, uses project‑based search that blends retained search rigor with contingency urgency, references 30 years of retained search experience and executive search consultants, no explicit industry or client‑size signals provided.","The firm describes a search process typical of executive search with retained and contingency elements, indicating executive_search as the primary service. No industry or client‑size signals dominate, leading to a multi_industry classification and unknown client profile. Geography is limited to North America, which is interpreted as national coverage."
Executive Hunt,http://www.executivehunt.com,executive_search,sourcing,not_specified,unknown,,,low,enterprise,enterprise_public,not_applicable,unknown,7,no industry signals – generic executive search language only,"The firm explicitly markets executive search, indicating the primary service. No industry, client size, or geographic details are provided, leading to an unknown industry classification and low specificity. References to ""high‑profile businesses and multinational corporations"" suggest enterprise‑level clients, hence the enterprise_public profile."
Milvet,http://www.themilvet.org,executive_search,"permanent_recruiting, sourcing",not_specified,multi_industry,"information_technology, finance",,high,mixed,vc_growth,series_c_plus,unknown,8,focus on hiring military veterans; serves high‑growth companies; works with private equity firms to place veterans in portfolio company leadership; works with venture‑backed companies for leadership roles; emphasizes employee retention and productivity; no geographic or size constraints mentioned.,"The firm explicitly markets veteran placement into leadership roles for private‑equity and venture‑backed high‑growth firms, indicating an executive search focus. It serves multiple sectors (PE portfolios and VC‑backed tech), so industry is multi‑industry with IT and finance as likely secondary. The veteran niche and leadership focus give a high specificity rating."
Vision Search,http://www.visionsearchpartners.com,executive_search,"staffing, sourcing",retained,multi_industry,"finance, healthcare",accounting,high,mixed,mid_market_private,not_applicable,global,8,"financial leadership searches (CFO, VP Finance, Controller) for emerging and middle‑market companies; life‑sciences financial search (biotech, pharmaceutical, medical device); examples include high‑technology manufacturer, bio‑medical venture, investment bank, cloud‑based technology services, international consumer goods company; mentions family & founder‑led businesses; Connecticut base but serves North American and international clients.","The firm explicitly positions itself as a retained executive search firm focused on financial leadership, with dedicated life‑sciences financial practice, indicating a clear niche. Client examples span finance, biotech/pharma/medical devices, and technology, showing no single dominant industry, thus multi_industry with finance and healthcare as secondary. Their target clients are emerging and middle‑market firms, leading to a mid_market private profile."
Sea Change,http://www.seachangetalent.com,executive_search,sourcing,not_specified,other,"information_technology, construction",renewables,high,mixed,vc_growth,series_c_plus,unknown,7,"climate, environmental technology, energy, infrastructure, artificial intelligence, climate-focused innovators, investors, corporations, sustainable industries, talent venture, advisory, technical search, growth/scaling phase","The firm emphasizes executive search and advisory for climate, environmental tech, energy, infrastructure, and AI, indicating a niche focus on sustainable/renewable sectors (primary industry 'other' with sub-industry 'renewables'). The mention of growth or scaling innovators points to VC‑backed, Series B/C companies, leading to a vc_growth profile. No geography or pricing model is disclosed, so those fields remain unknown."
Executive Job,http://www.executivejobsearch.net,executive_search,,not_specified,multi_industry,,,high,mixed,mixed_types,not_applicable,unknown,8,"focus on C‑suite and high‑income executives, compensation $250k‑$1.5M, executive‑level hires across all sectors, no mention of specific industry verticals or geographic limits","The firm explicitly offers executive search services for senior leaders, indicating a clear niche (executive‑level hiring) but provides no industry or geographic focus, leading to a multi‑industry classification. The lack of a stated pricing or engagement model results in a 'not_specified' business model. Client types span various company sizes, so 'mixed' and 'mixed_types' best capture the broad target audience."
Clydes,http://www.clydestaffing.com,staffing,sourcing,not_specified,other,,hospitality,high,mixed,mixed_types,not_applicable,unknown,7,"high‑net‑worth individuals and families; domestic and corporate environments; chiefs of staff, executive and personal assistants, nannies, chefs, estate managers, drivers, production assistants, publicists, stylists; personal concierge services; travel planning; event planning; assistant training; staffing for creative executives (branding, design, marketing, digital strategy); explicit mention of entertainment industry focus; Clyde Staffing brand.","The description repeatedly emphasizes premium personal and executive support for high‑net‑worth individuals, families, and entertainment‑industry clients, indicating a clear niche in hospitality‑related staffing. This points to the 'other' industry with a hospitality sub‑industry. Services are staffing‑focused with sourcing as a secondary activity. No explicit business model or geographic scope is given, leading to a mixed client type and moderate confidence."
Inkwell,http://www.inkwell.co,executive_search,"permanent_recruiting, sourcing",not_specified,unknown,,,low,unknown,unknown_type,not_applicable,unknown,7,"no industry signals — generic executive search language only; no client size, sector, or geography mentioned","The description focuses solely on an executive search platform with a referral network and does not mention any specific industry, client size, or geographic focus. Consequently, the industry and client classifications are set to unknown, and the specificity is low due to the generic positioning."
Perform Search,http://www.performsearch.com,executive_search,sourcing,not_specified,unknown,,,low,unknown,unknown_type,not_applicable,unknown,7,"mentions executive search, pre‑identified talent, curated community, advisory services, talent acquisition platform, recruitment solutions; no industry, sector, or client‑type signals present.","The description only references executive search and advisory services, with no industry or client‑size cues, leading to an executive_search primary service and unknown industry. Absence of pricing or contract details results in a not_specified business model and low specificity."
Kindred,http://www.kindredpartners.com,executive_search,,not_specified,information_technology,"healthcare, retail",saas,high,vc_backed,vc_growth,series_c_plus,unknown,8,"executive search focus; specializes in venture‑backed technology startups; mentions early and growth stage companies; serves enterprise, consumer and healthcare sectors; client list includes Amazon, Anaplan, Asana, AuditBoard, Bill.com, Coupa, Facebook, Gainsight, GitLab, Gusto, HashiCorp, Looker Data, MuleSoft, Postmates, Ripple, Samsara, TeamSnap, TheRealReal, Udemy; references to founders, CEOs, boards; no geographic or pricing details provided.","The firm repeatedly emphasizes executive search for venture‑backed technology startups, indicating a clear niche in the IT sector (SaaS). The client roster and mention of early and growth stage companies point to VC‑backed growth‑stage clients, leading to a vc_growth classification."
BSG Fund,http://www.broadstreetglobal.com,executive_search,,retained,finance,other,investment_banking,medium,enterprise,enterprise_public,not_applicable,global,7,"private equity land infrastructure, home development, hotel/lodging, land banking, restaurants, specialty finance, crypto mining, self‑storage, automobile dealerships; Asia Pacific financial services strategic consulting; investment banking, capital markets, structured products, alternative asset classes; clients include large financial institutions, regional banks, asset managers, boutique firms; mentions high‑net‑worth individuals, family offices, institutional investors; regional focus on the Carolinas, global client base.","The firm emphasizes professional search experience for investment banking and capital markets, indicating executive search. It serves large financial institutions and banks, pointing to an enterprise client base. Finance is the dominant industry, with investment banking as the sub‑industry, and the firm operates globally despite a regional US focus."
BSG Fund,http://www.broadstreetglobal.com,unknown,,not_specified,finance,other,investment_banking,medium,enterprise,enterprise_private,not_applicable,global,7,"private equity, land infrastructure development, home development, hotel lodging, land banking, restaurants, specialty finance, crypto mining, self‑storage facilities, automobile dealerships, high‑net‑worth individuals, family offices, registered investment advisors, institutional investors, focus on Carolinas, Marriott Hotels partnership, D.R. Horton partnership, Asia Pacific financial services strategic consulting, investment banking, capital markets, structured products, alternative asset classes, large financial institutions, regional banks, asset managers, boutique firms, human capital solutions, strategic advice","The text emphasizes financial services consulting (investment banking, capital markets) and mentions large financial institutions as primary clients, leading to a finance primary industry with investment banking sub‑industry. No clear recruiting service is described, so service is unknown. Client base appears enterprise‑scale, and the firm operates globally despite a regional focus."
NewCo,http://www.newcotalent.com,executive_search,sourcing,retained,finance,,private_equity,high,mid_market,unknown_type,not_applicable,global,9,"executive search firm; specializes in lower to middle market private equity firms; retained executive search; pre‑close introductions; management build‑outs post‑transaction; private‑equity operator‑led; value creation focus; high placement retention rates; broad/global operational scope; no explicit pricing model; partnership model; research, executive outreach, engagement, project management.","The text repeatedly emphasizes serving private‑equity firms, making finance the dominant industry and private_equity the clear sub‑industry. The firm offers retained executive search, indicating a retained business model and a high‑specificity niche. Client type is inferred as mid‑market based on the ""lower to middle market"" qualifier, while no exact client profile code matches, so unknown_type is used."
Emerging,http://www.emergingglobe.com,executive_search,,not_specified,finance,,investment_banking,high,mixed,mixed_types,not_applicable,global,9,"focus on investment banking, financial services sector, executive-level placements; serve buy‑side and sell‑side clients; U.S. commercial and investment banks, European banks, regional firms and local boutiques; target emerging market financial sectors with candidates from Latin America, Eastern Europe, Russia, Asia, South Africa; geographic mentions include New York, Miami, South America, Mexico, Moscow.","The firm explicitly markets executive search for investment banking roles, a clear niche within finance, and lists multiple banking client types across regions, indicating a dominant finance focus. The breadth of client sizes (large banks and regional boutiques) leads to a mixed client profile. No pricing or contract model is disclosed, so business model is not specified."
BSG Fund,http://www.broadstreetglobal.com,unknown,,not_specified,finance,other,,high,enterprise,enterprise_private,not_applicable,global,8,"private equity firm, land infrastructure development, real estate investments, high‑net‑worth individuals, family offices, registered investment advisors, institutional investors, infrastructure land development, home development, hotel/lodging, land banking, restaurants, specialty finance, crypto mining, self‑storage facilities, automobile dealerships, Marriott Hotels partnership, D.R. Horton partnership, Asia Pacific financial services strategic consulting, investment banking, capital markets, structured products, alternative asset classes, regional banks, asset managers, boutique financial firms, global client base.","The text repeatedly emphasizes finance‑related activities (private equity, investment banking, capital markets) and lists high‑net‑worth and institutional investors as primary clients, indicating a dominant finance focus. No recruiting services are described, so service is unknown. The firm serves large, often public or private, financial institutions, fitting an enterprise client profile. Geographic reach is global due to Asia Pacific consulting and worldwide financial institution clients."
Thrive Resources,http://www.thriveresources.com,executive_search,,retained,finance,,private_equity,high,mixed,mid_market_pe,not_applicable,unknown,8,"private equity firms, portfolio companies, PE talent market, executive search, leadership training, talent reviews, executive coaching, CEO introductions, focus on high‑performance leaders for PE‑backed environments","The firm repeatedly emphasizes serving private equity firms and their portfolio companies, indicating a clear finance (private equity) focus. Executive search is described as a retained service, and the niche language around PE talent and leadership confirms a high‑specificity classification."
ACG Resources,http://www.acgresources.com,staffing,"permanent_recruiting, executive_search",not_specified,finance,"information_technology, other",banking,medium,mixed,mixed_types,not_applicable,local,8,"explicit mentions of banking, finance, financial services, compliance, technology, payments, fintech, startups, consumer products, luxury goods, food services, hospitality, real estate; client size ranges from start‑ups to large enterprises; geographic focus on New York City.","The firm repeatedly emphasizes banking and finance as core markets, making finance the dominant industry; it also lists tech‑related areas (payments, technology) and a variety of other sectors, so those become secondary. Service offerings span staffing, permanent placement, and executive search, with no clear business model disclosed. Client base includes startups to large firms, leading to a mixed client type and a mixed_types profile."
TA Partners,http://www.tapartners.org,executive_search,"sourcing, permanent_recruiting",not_specified,finance,"retail, manufacturing",banking,high,enterprise,enterprise_public,not_applicable,unknown,8,"focus on insurance and finance sectors; roles such as financial controllers and insurance specialists; client logos include IVECO Group (automotive), BNP Paribas (banking), Generali (insurance), LVMH and Kering (luxury retail); executive search with 7‑10 day turnaround, direct headhunting, pay‑upon‑value model, market mapping, over 200 clients.","KiTalent is described as an executive search firm targeting insurance and finance roles, with marquee enterprise clients like BNP Paribas, Generali, LVMH, and Kering, indicating a finance primary industry and enterprise public client base. The clear mention of niche roles and sector focus yields high specificity."
Bell Search,http://www.bellsearchfirm.com,executive_search,staffing,not_specified,multi_industry,"finance, information_technology",accounting,medium,mixed,mixed_types,not_applicable,national,7,"executive search, staffing services, IT sector, financial sector, roles: Controller, CFO, Sr. Accountant, COO, Managing Director, Sr. Tax Accountant, Accounting Specialist, Automation Engineer, Manufacturing Manager, nationwide reach, Kansas City headquarters","The firm describes itself as an executive recruiting firm offering executive search and staffing, with explicit mention of serving IT and financial sectors. No single industry dominates, so multi_industry is used, and accounting is chosen as the sub‑industry based on the finance‑focused roles listed. Client size is not defined, leading to a mixed client type classification."
Norman Alex,http://www.normanalex.com,executive_search,staffing,retained,finance,information_technology,wealth_management,high,mixed,mixed_types,not_applicable,global,8,"mentions executive search, corporate development, interim management, focus on financial services, wealth and asset management, corporate finance, trading, family offices, fintech, technology, global offices in Monaco, Geneva, Paris, Miami, New York, Dubai, London, Luxembourg, Nice, Casablanca, Montevideo, and partners in Singapore; targets clients in finance and tech sectors; emphasizes human dimension and long‑term relationships.","The firm repeatedly highlights executive search for finance‑focused roles (wealth management, fintech, trading) and also mentions technology, indicating finance as the dominant industry. Executive search is a retained‑fee model for boutique firms. Signals point to serving a range of client sizes across multiple sectors, leading to a mixed client profile and global geography."
Leaders Lab,http://www.theleaderslab.co,executive_search,"rpo, staffing",not_specified,multi_industry,,,low,mixed,mid_market_private,not_applicable,unknown,6,"mentions executive recruitment, business scaling, exit preparation, direct placements, contract recruiting, strengthening internal recruiting functions, acquisition experience, placed over 1,000 leaders across various industries, market cap value; no specific industry or sector signals.","The firm focuses on executive search and also offers RPO and contract staffing, but provides no industry-specific language, indicating a multi‑industry focus. Client language points to mid‑market companies seeking growth or exit, without clear size or VC/PE signals, leading to a mixed client type and mid_market_private profile."
FullSpec,http://www.fullspecstaff.com,executive_search,permanent_recruiting,retained,healthcare,,home_care,high,mixed,mid_market_private,not_applicable,unknown,8,"senior living, home health, hospice, skilled nursing, executive search, C-level placements, Executive Directors, Sales Directors, Regional Directors, healthcare market, senior care sector","The firm explicitly markets itself as an executive search firm for senior living, home health, hospice, and skilled nursing, clearly indicating a healthcare focus and a niche in senior care. The language around C‑level and director roles points to a retained executive search model. Client types span various sized healthcare providers, leading to a mixed classification and a mid‑market private profile."
Community,http://www.communityrecruiting.com,executive_search,"permanent_recruiting, sourcing",not_specified,healthcare,,biotech,high,mixed,vc_growth,series_c_plus,global,8,"life sciences sector, biotech, pharmaceutical, biopharma, clinical development, medical affairs, clinical operations, regulatory affairs, clients Amgen and Vertex, start‑ups, mid‑sized organizations, seed funding, IPOs, acquisitions, global candidate search, Los Angeles, Hamburg, Germany, focus on CEOs, HR leaders, hiring managers, personal strategic approach.","The firm repeatedly emphasizes biotech and pharmaceutical recruiting, indicating a clear healthcare focus, and mentions serving start‑ups through IPOs, which points to VC‑backed growth‑stage clients. Their language about placing top‑level executives and scientists aligns with executive search, while also offering broader permanent hiring services."
Chalker,http://www.chalkergroup.com,executive_search,permanent_recruiting,not_specified,healthcare,,hospitals,high,enterprise,enterprise_private,not_applicable,local,8,"focus on recruiting top‑level leaders for the healthcare sector; partnerships with UAB Heersink School of Medicine and Southern Research; emphasis on relocation to Birmingham and Huntsville; mentions of career transition support, retention services, and consulting for employer recruitment programs; language targeting hospitals, medical schools, and research institutes.","The firm explicitly targets senior healthcare leaders, cites medical school and research institute partners, and positions itself as an executive‑search boutique, indicating a clear healthcare focus. The geographic scope is limited to Birmingham and Huntsville, and the client base appears to be large healthcare organizations, leading to an enterprise private classification."
Chasm Partners,http://www.chasmpartners.com,executive_search,rpo,retained,healthcare,,health_tech,high,vc_backed,vc_growth,series_c_plus,national,9,"focus on healthcare sector, healthcare technology, life sciences; executive search for VP-level and above; clients Vytalize Health and Homebase Medical; mentions of venture capital and private equity backing; high‑growth healthcare companies; at‑risk recruiting model; leadership coaching for investors, Boards, CEOs; RPO services to scale workforce quickly.","The firm repeatedly emphasizes healthcare and health‑tech focus, with executive search and RPO services, and cites VC/PE‑backed high‑growth clients, indicating a clear niche. This dominance of healthcare signals a primary industry of healthcare and sub‑industry health_tech. Client type is VC‑backed growth-stage companies, leading to vc_growth and series_c_plus stage classification."
Pellis,http://www.pellis.com,permanent_recruiting,executive_search,not_specified,healthcare,,pharma,high,enterprise,enterprise_private,not_applicable,unknown,8,"pharmaceutical, biopharmaceutical, medical device, medical diagnostic, health care products, life sciences sector, roles in R&D, engineering, manufacturing/packaging, quality assurance, regulatory compliance, quality control, validation, regulatory affairs, supply chain, 45 years experience, founded 1978, search and recruiting firm, no geographic limits mentioned","The firm explicitly focuses on pharma, biopharma, medical device and diagnostic sectors, giving a clear healthcare niche (high specificity). It offers full‑time placement/search services, fitting permanent recruiting with an executive search angle. No business model or geography is stated, and the client base appears to be large life‑science companies, leading to an enterprise classification."
Cates,http://www.catesconsulting.com,executive_search,,not_specified,healthcare,,biotech,high,mid_market,mid_market_private,not_applicable,global,8,"focus on executive recruiting, boutique executive search firm, biotech and pharmaceutical clients (Audentes Therapeutics, Asklepios BioPharmaceutical), roles in human resources and clinical development, mid-sized to larger companies, diversity and inclusion emphasis, women-owned certification, offices in California, Connecticut, Florida, global search capability","The firm explicitly markets executive search for biotech and pharma companies, making healthcare the dominant industry with a biotech sub‑industry. Their target clients are described as mid‑sized to larger firms, indicating a mid‑market focus, and they operate globally from three US states."
Kester Search,http://www.kestersearch.com,executive_search,permanent_recruiting,retained,healthcare,information_technology,biotech,high,mixed,vc_growth,series_c_plus,national,9,healthcare industry; biotech; life sciences; dental; orthodontics; diagnostic; healthcare IT; medical device; equipment; tech/software; executive and mid‑to‑upper level leadership; sales and marketing talent; commercial expansions for rapid hiring due to new funding or product launches; United States focus,"The firm repeatedly emphasizes its focus on healthcare sub‑sectors (biotech, medical devices, dental, etc.) and mentions retained executive searches, indicating a primary healthcare executive search service with a retained model. Signals of rapid hiring for companies with new funding point to VC‑backed growth‑stage clients, while the breadth of client sizes suggests a mixed company‑type audience."
Tailored Search,http://www.tailoredsearch.com,permanent_recruiting,"executive_search, staffing",not_specified,healthcare,"information_technology, finance",pharma,high,vc_backed,vc_growth,series_c_plus,national,8,"early-stage to hyper-growth startups, life sciences sector, C‑Suite executive hiring, retained search, direct hire, contract support, sales/finance/administrative/technology talent, national platform, New York award, partnership with Opportunity Junction, no geographic limitation","The description emphasizes recruiting for early‑stage and hyper‑growth startups and explicitly targets the life sciences sector, indicating a clear healthcare focus (pharma). Services span permanent placement, executive search, and staffing, with retained and contract options, but the model isn’t clearly defined. The client base is primarily VC‑backed startups, fitting the vc_growth profile, and the operation is national in scope."
Vanguard HC,http://www.vanguardhcstaffing.com,staffing,"permanent_recruiting, executive_search",not_specified,healthcare,,biotech,high,mixed,mixed_types,not_applicable,unknown,8,"healthcare recruitment, diagnostic laboratory, medical device, biotechnology, executive search, leadership roles, veteran-owned, family-operated, 20 years experience, 50,000 candidate database, 24/7 job portal, high customer satisfaction, fast fill times, no geographic or pricing details","The firm repeatedly emphasizes healthcare focus, mentioning diagnostic labs, medical devices, and biotech, making healthcare the dominant industry. Service language points to both staffing and executive search, so staffing is primary with permanent recruiting as secondary. Lack of client size or geography details leads to a mixed client type and unknown geography."
Chalker,http://www.chalkergroup.com,executive_search,sourcing,not_specified,healthcare,,hospitals,high,enterprise,enterprise_public,not_applicable,local,8,"mentions UAB Heersink School of Medicine and Southern Research as ideal customers, focus on recruiting top‑level leaders and professionals, relocation to Birmingham and Huntsville, emphasis on retention and community integration, not a staffing firm, provides consulting on recruitment programs.","The firm highlights recruiting senior leaders for a medical school and a research institute, clearly pointing to the healthcare sector, specifically hospitals/academic medical centers. Its service is positioned as executive search with added sourcing, and the client base consists of large public institutions, making enterprise_public the best fit. The focus on two Alabama cities makes the geography local."
Jacobs MGT,http://www.jacobsmgt.com,executive_search,,retained,healthcare,information_technology,pharma,high,mixed,mixed_types,not_applicable,unknown,8,"life sciences sector, medical device, biotechnology, pharmaceutical, diagnostics, healthcare, high‑tech, executive recruiting, 35 years experience, 390,000 candidates, 21,000 searches, focus on integrity and deepfake challenges","The firm explicitly markets executive search for life‑science areas (medical devices, biotech, pharma, diagnostics) which maps to the healthcare industry, with a secondary mention of high‑tech (IT). Executive search is typically retained, and the niche focus is clear, giving high specificity. No size or geography details are provided, so client type and geography are marked mixed/unknown."
P-Link,http://www.p-link.cn,executive_search,"permanent_recruiting, sourcing",not_specified,healthcare,,pharma,high,enterprise,enterprise_private,not_applicable,local,8,"mentions pharmaceutical and medical sectors, headhunting, high‑end recruitment, employer branding, recruitment processes, industry solutions, headquartered in Shanghai, serves China (Shanghai), no explicit pricing or contract model disclosed.","The firm explicitly states it specializes in headhunting for pharmaceutical and medical industries, giving a clear niche (high specificity). This points to a healthcare primary industry with a pharma sub‑industry. The lack of size details but focus on high‑end recruitment suggests enterprise‑level clients, and service geography is limited to Shanghai, making it a local market."
Hughes Law,http://www.haallc.com,executive_search,"sourcing, permanent_recruiting",not_specified,healthcare,,pharma,high,enterprise,mixed_types,not_applicable,unknown,8,"life sciences executive search, pharmaceutical, biotechnology, clinical pharmacology, pharmacometrics, drug metabolism and pharmacokinetics (DMPK), bioanalysis, model-based drug development, high-demand niche roles, executive search, hiring strategy, targeted job matching, confidential career strategy, personalized guidance for candidates","The firm explicitly markets itself as a life sciences executive search firm focused on pharmaceutical and biotech sectors, providing clear niche signals. This strong industry focus justifies a healthcare primary industry with a pharma sub‑industry, and the executive‑search service indicates an enterprise‑level client base. Lack of geographic or pricing details leads to an unknown geography and not_specified business model."
PeopleWork,http://www.peoplework.co.kr,permanent_recruiting,sourcing,not_specified,healthcare,,medical_devices,medium,enterprise,enterprise_private,not_applicable,national,7,"foreign medical device companies, pharmaceutical firms, large enterprises, roles such as Sales Senior Specialists, APAC Medical Managers, Investor Relations Managers, Compensation & Benefits Managers, South Korea market, headhunting, reference checks","The firm describes itself as a headhunting/search firm targeting foreign medical device and pharmaceutical companies, indicating a clear healthcare focus. No single client size dominates beyond 'large enterprises', so enterprise is chosen. Services align with permanent placement and sourcing, while business model details are absent."
