company_name,company_website,old_icebreaker,new_icebreaker,icp,pain,service,secondary_services,business_model,industry,secondary_industries,sub_industry,specificity,company_type,company_stage,geography,confidence,reasoning,extraction_json,t_extract_s,t_icebr_s
Rhino Julie,http://www.rhinosquad.org,"Figured I'd reach out - I talk to a lot of founders of small-to-mid-size businesses and they keep saying they can't fill shift workers fast enough.

Thought you two should connect.",Figured I'd reach out — I talk to a lot of ops managers at growing private companies and they keep saying they pipeline's always dry when they need temps. Thought you two should connect.,ops managers at growing private companies,pipeline's always dry when they need temps,staffing,sourcing,not_specified,multi_industry,,,medium,smb,not_applicable,national,8,"The firm provides virtual assistants to US entrepreneurs, a staffing‑type offering with a clear focus on SMB clients across various sectors, but no single industry niche is stated.","{""primary_service"": ""staffing"", ""secondary_services"": [""sourcing""], ""business_model"": ""not_specified"", ""primary_industry"": ""multi_industry"", ""secondary_industries"": [], ""sub_industry"": null, ""specificity"": ""medium"", ""company_type"": ""smb"", ""company_stage"": ""not_applicable"", ""geography"": ""national"", ""confidence"": 8, ""reasoning"": ""The firm provides virtual assistants to US entrepreneurs, a staffing‑type offering with a clear focus on SMB clients across various sectors, but no single industry niche is stated.""}",2.91,21.17
Virtdrop,http://www.virtdrop.com,"Figured I’d reach out — I talk to a lot of agency owners hiring full‑time VAs and they keep saying they take forever to fill qualified VAs.

Thought you two should connect.",Figured I'd reach out — I talk to a lot of CEOs and founders of nonprofit organizations and they keep saying they struggle to find the right executive talent. Thought you two should connect.,CEOs and founders of nonprofit organizations,struggle to find the right executive talent,executive_search,sourcing,retained,other,"nonprofit, education",,high,mixed,not_applicable,national,9,"Staffing Advisors clearly specializes in executive search for associations and nonprofits, indicating a strong niche. They serve a range of organizations with varying budgets, suggesting a mixed client type. The absence of geographic limitations implies a national scope.","{""primary_service"": ""executive_search"", ""secondary_services"": [""sourcing""], ""business_model"": ""retained"", ""primary_industry"": ""other"", ""secondary_industries"": [""nonprofit"", ""education""], ""sub_industry"": null, ""specificity"": ""high"", ""company_type"": ""mixed"", ""company_stage"": ""not_applicable"", ""geography"": ""national"", ""confidence"": 9, ""reasoning"": ""Staffing Advisors clearly specializes in executive search for associations and nonprofits, indicating a strong niche. They serve a range of organizations with varying budgets, suggesting a mixed client type. The absence of geographic limitations implies a national scope.""}",3.81,21.47
Advisors,http://www.staffingadvisors.com,"Figured I’d reach out — I talk to a lot of board chairs in nonprofits and they keep saying they can’t find qualified board leaders fast enough.

Thought you two should connect.",Figured I'd reach out — I talk to a lot of ops managers at growing private companies and they keep saying they struggle to find reliable virtual assistants. Thought you two should connect.,ops managers at growing private companies,struggle to find reliable virtual assistants,sourcing,staffing,not_specified,other,,virtual_assistants,medium,unknown,not_applicable,unknown,7,"The company primarily focuses on sourcing and integrating virtual assistants, which indicates a specific service offering. However, there is a lack of clarity regarding the ideal client characteristics, company size, and geographic scope, leading to a medium specificity rating.","{""primary_service"": ""sourcing"", ""secondary_services"": [""staffing""], ""business_model"": ""not_specified"", ""primary_industry"": ""other"", ""secondary_industries"": [], ""sub_industry"": ""virtual_assistants"", ""specificity"": ""medium"", ""company_type"": ""unknown"", ""company_stage"": ""not_applicable"", ""geography"": ""unknown"", ""confidence"": 7, ""reasoning"": ""The company primarily focuses on sourcing and integrating virtual assistants, which indicates a specific service offering. However, there is a lack of clarity regarding the ideal client characteristics, company size, and geographic scope, leading to a medium specificity rating.""}",4.14,21.34
Advisors,http://www.staffingadvisors.com,"Figured I’d reach out — I talk to a lot of board chairs in nonprofits and they keep saying they can’t pull in top execs.

Thought you two should connect.",Figured I'd reach out — I talk to a lot of CEOs and founders at nonprofit foundations and social enterprises and they keep saying they pipeline's always dry when they need a CEO. Thought you two should connect.,CEOs and founders at nonprofit foundations and social enterprises,pipeline's always dry when they need a CEO,executive_search,,not_specified,other,healthcare,nonprofit,high,mixed,not_applicable,national,8,"The firm explicitly positions itself as an executive search firm for associations, foundations, nonprofits and social enterprises, indicating a clear niche. It mentions serving organizations across a wide budget range and multiple sectors (healthcare, education), suggesting mixed client sizes. No VC‑backed focus or geographic restriction is stated, so the model is national and client type is mixed.","{""primary_service"": ""executive_search"", ""secondary_services"": [], ""business_model"": ""not_specified"", ""primary_industry"": ""other"", ""secondary_industries"": [""healthcare""], ""sub_industry"": ""nonprofit"", ""specificity"": ""high"", ""company_type"": ""mixed"", ""company_stage"": ""not_applicable"", ""geography"": ""national"", ""confidence"": 8, ""reasoning"": ""The firm explicitly positions itself as an executive search firm for associations, foundations, nonprofits and social enterprises, indicating a clear niche. It mentions serving organizations across a wide budget range and multiple sectors (healthcare, education), suggesting mixed client sizes. No VC‑backed focus or geographic restriction is stated, so the model is national and client type is mixed.""}",3.08,22.95
Ciprani,http://www.cipraniconsulting.com,"Figured I’d reach out — I talk to a lot of brokerage owners in real estate and they keep saying they can’t find qualified agents fast enough.

Thought you two should connect.",Figured I'd reach out — I talk to a lot of CEOs and executive directors at national nonprofit associations and they keep saying they board keeps rejecting candidates after three months. Thought you two should connect.,CEOs and executive directors at national nonprofit associations,board keeps rejecting candidates after three months,executive_search,,not_specified,other,,nonprofit,high,mixed,not_applicable,national,9,"The firm explicitly describes itself as an executive search firm for associations, foundations, nonprofits and social enterprises, indicating a clear niche (high specificity). It serves organizations of varying budget sizes, suggesting a mixed client base, and no geographic limits are stated beyond the United States, implying national scope.","{""primary_service"": ""executive_search"", ""secondary_services"": [], ""business_model"": ""not_specified"", ""primary_industry"": ""other"", ""secondary_industries"": [], ""sub_industry"": ""nonprofit"", ""specificity"": ""high"", ""company_type"": ""mixed"", ""company_stage"": ""not_applicable"", ""geography"": ""national"", ""confidence"": 9, ""reasoning"": ""The firm explicitly describes itself as an executive search firm for associations, foundations, nonprofits and social enterprises, indicating a clear niche (high specificity). It serves organizations of varying budget sizes, suggesting a mixed client base, and no geographic limits are stated beyond the United States, implying national scope.""}",3.34,22.77
Cynergists,http://www.cynergists.com,"Figured I’d reach out — I talk to a lot of business owners hiring VAs and they keep saying they can’t find good VAs fast enough.

Thought you two should connect.",Figured I'd reach out — I talk to a lot of founders and hiring managers at real estate firms and they keep saying they struggle to find reliable agents quickly. Thought you two should connect.,founders and hiring managers at real estate firms,struggle to find reliable agents quickly,permanent_recruiting,staffing,not_specified,real_estate,,real_estate_services,high,unknown,not_applicable,unknown,8,"Ciprani Consulting specializes in recruiting and training within the Real Estate industry, indicating a clear niche. However, there is no explicit mention of client company types or geographic markets served, leading to some uncertainty.","{""primary_service"": ""permanent_recruiting"", ""secondary_services"": [""staffing""], ""business_model"": ""not_specified"", ""primary_industry"": ""real_estate"", ""secondary_industries"": [], ""sub_industry"": ""real_estate_services"", ""specificity"": ""high"", ""company_type"": ""unknown"", ""company_stage"": ""not_applicable"", ""geography"": ""unknown"", ""confidence"": 8, ""reasoning"": ""Ciprani Consulting specializes in recruiting and training within the Real Estate industry, indicating a clear niche. However, there is no explicit mention of client company types or geographic markets served, leading to some uncertainty.""}",6.0,21.27
Mamba VP,http://www.mambavp.com,"Figured I’d reach out — I talk to a lot of business owners hiring VAs and they keep saying they can’t find reliable VAs fast enough.

Thought you two should connect.",Figured I'd reach out — I talk to a lot of ops managers at growing private companies and they keep saying they can’t find good virtual workers on time. Thought you two should connect.,ops managers at growing private companies,can’t find good virtual workers on time,sourcing,,not_specified,multi_industry,,,low,unknown,not_applicable,unknown,5,"Mamba Virtual Placement focuses on connecting businesses with virtual workers, indicating a sourcing service. However, the lack of specific details about industries served, client types, or geographic focus leads to a classification of low specificity and unknown client characteristics.","{""primary_service"": ""sourcing"", ""secondary_services"": [], ""business_model"": ""not_specified"", ""primary_industry"": ""multi_industry"", ""secondary_industries"": [], ""sub_industry"": null, ""specificity"": ""low"", ""company_type"": ""unknown"", ""company_stage"": ""not_applicable"", ""geography"": ""unknown"", ""confidence"": 5, ""reasoning"": ""Mamba Virtual Placement focuses on connecting businesses with virtual workers, indicating a sourcing service. However, the lack of specific details about industries served, client types, or geographic focus leads to a classification of low specificity and unknown client characteristics.""}",6.84,20.95
OE Consulting,http://www.oeconsulting.com,"Figured I’d reach out — I talk to a lot of CEOs and board chairs at foundations and they keep saying they can’t find senior leaders who share our mission.

Thought you two should connect.",Figured I'd reach out — I talk to a lot of CEOs and founders of nonprofits and educational institutions and they keep saying they struggle to find leaders who actually fit. Thought you two should connect.,CEOs and founders of nonprofits and educational institutions,struggle to find leaders who actually fit,executive_search,"sourcing, unknown",retained,other,"nonprofit, education",,high,mixed,not_applicable,unknown,8,"OE Consulting specializes in executive search and has a clear focus on leadership development and strategic planning for various organizations, indicating a strong niche. They serve a mixed client base, including nonprofits and educational institutions, but specific geographic markets and company sizes are not detailed.","{""primary_service"": ""executive_search"", ""secondary_services"": [""sourcing"", ""unknown""], ""business_model"": ""retained"", ""primary_industry"": ""other"", ""secondary_industries"": [""nonprofit"", ""education""], ""sub_industry"": null, ""specificity"": ""high"", ""company_type"": ""mixed"", ""company_stage"": ""not_applicable"", ""geography"": ""unknown"", ""confidence"": 8, ""reasoning"": ""OE Consulting specializes in executive search and has a clear focus on leadership development and strategic planning for various organizations, indicating a strong niche. They serve a mixed client base, including nonprofits and educational institutions, but specific geographic markets and company sizes are not detailed.""}",7.25,20.66
Titan Talent,http://www.titantalentpartners.com,"Figured I’d reach out — I talk to a lot of CEOs and board members at large enterprises and they keep saying they can’t spot or lock down top execs.

Thought you two should connect.",Figured I'd reach out — I talk to a lot of CEOs and founders of mid-size companies and they keep saying they struggle to find the right executive talent. Thought you two should connect.,CEOs and founders of mid-size companies,struggle to find the right executive talent,executive_search,"sourcing, unknown",retained,unknown,,,high,unknown,not_applicable,unknown,8,"Titan Talent Partners specializes in executive search for high-level positions, indicating a clear niche in this area. However, there is no explicit information about the industries they serve or the types of client companies, leading to an 'unknown' classification for those fields.","{""primary_service"": ""executive_search"", ""secondary_services"": [""sourcing"", ""unknown""], ""business_model"": ""retained"", ""primary_industry"": ""unknown"", ""secondary_industries"": [], ""sub_industry"": null, ""specificity"": ""high"", ""company_type"": ""unknown"", ""company_stage"": ""not_applicable"", ""geography"": ""unknown"", ""confidence"": 8, ""reasoning"": ""Titan Talent Partners specializes in executive search for high-level positions, indicating a clear niche in this area. However, there is no explicit information about the industries they serve or the types of client companies, leading to an 'unknown' classification for those fields.""}",9.2,19.17
Carlson,http://www.carlsongroupllc.com,"Figured I’d reach out — I talk to a lot of CEOs and board members in finance and they keep saying they can’t find senior leaders with the right regulatory chops.

Thought you two should connect.",Figured I'd reach out — I talk to a lot of CEOs and founders of mid-size finance companies and they keep saying they struggle to find the right C-suite talent. Thought you two should connect.,CEOs and founders of mid-size finance companies,struggle to find the right C-suite talent,executive_search,,retained,finance,"construction, unknown",insurance,high,mixed,not_applicable,unknown,8,"Carlson Group specializes in executive search, particularly for C-level and senior management roles in finance and construction, indicating a clear niche. Their focus on a consultative approach and tailored recruitment plans further supports a high specificity classification.","{""primary_service"": ""executive_search"", ""secondary_services"": [], ""business_model"": ""retained"", ""primary_industry"": ""finance"", ""secondary_industries"": [""construction"", ""unknown""], ""sub_industry"": ""insurance"", ""specificity"": ""high"", ""company_type"": ""mixed"", ""company_stage"": ""not_applicable"", ""geography"": ""unknown"", ""confidence"": 8, ""reasoning"": ""Carlson Group specializes in executive search, particularly for C-level and senior management roles in finance and construction, indicating a clear niche. Their focus on a consultative approach and tailored recruitment plans further supports a high specificity classification.""}",9.3,19.83
IveSearch,http://www.ivesearch.com,"Figured I’d reach out — I talk to a lot of CEOs and founders across industries and they keep saying they can’t get top senior leaders.

Thought you two should connect.",Figured I'd reach out — I talk to a lot of CEOs and executive directors at mid-size nonprofit foundations and they keep saying they board keeps rejecting candidates for years. Thought you two should connect.,CEOs and executive directors at mid-size nonprofit foundations,board keeps rejecting candidates for years,executive_search,,not_specified,other,finance,nonprofit,high,mixed,not_applicable,unknown,8,"The firm explicitly markets executive search and leadership work for foundations, nonprofits and impact‑investing entities, indicating a clear niche. It mentions serving family offices and foundations (finance/other) and lists several nonprofit clients, giving a strong industry signal. No geography or pricing model is disclosed, so those fields remain unknown.","{""primary_service"": ""executive_search"", ""secondary_services"": [], ""business_model"": ""not_specified"", ""primary_industry"": ""other"", ""secondary_industries"": [""finance""], ""sub_industry"": ""nonprofit"", ""specificity"": ""high"", ""company_type"": ""mixed"", ""company_stage"": ""not_applicable"", ""geography"": ""unknown"", ""confidence"": 8, ""reasoning"": ""The firm explicitly markets executive search and leadership work for foundations, nonprofits and impact‑investing entities, indicating a clear niche. It mentions serving family offices and foundations (finance/other) and lists several nonprofit clients, giving a strong industry signal. No geography or pricing model is disclosed, so those fields remain unknown.""}",6.23,23.44
NextOne,http://www.nextonestaffing.com,"Figured I’d reach out — I talk to a lot of CEOs and founders and they keep saying they can't attract top‑tier execs.

Thought you two should connect.",Figured I'd reach out — I talk to a lot of CEOs and founders of mid-size companies and they keep saying they board keeps rejecting candidates 3 months in. Thought you two should connect.,CEOs and founders of mid-size companies,board keeps rejecting candidates 3 months in,executive_search,staffing,not_specified,multi_industry,,,low,mixed,not_applicable,unknown,8,"The firm describes itself as an executive search and staffing agency, emphasizing C‑level placements, indicating executive_search as primary service with staffing as secondary. It serves companies of all sizes across various industries, resulting in a multi‑industry focus and mixed client types. No fee model or geographic scope is disclosed.","{""primary_service"": ""executive_search"", ""secondary_services"": [""staffing""], ""business_model"": ""not_specified"", ""primary_industry"": ""multi_industry"", ""secondary_industries"": [], ""sub_industry"": null, ""specificity"": ""low"", ""company_type"": ""mixed"", ""company_stage"": ""not_applicable"", ""geography"": ""unknown"", ""confidence"": 8, ""reasoning"": ""The firm describes itself as an executive search and staffing agency, emphasizing C‑level placements, indicating executive_search as primary service with staffing as secondary. It serves companies of all sizes across various industries, resulting in a multi‑industry focus and mixed client types. No fee model or geographic scope is disclosed.""}",9.48,20.83
Excel Talent,http://www.exceltalentsolutions.com,"Figured I’d reach out — I talk to a lot of CEOs and founders at big companies and they keep saying they can’t lock down top exec talent.

Thought you two should connect.",Figured I'd reach out — I talk to a lot of CEOs and founders of mid-size companies and they keep saying they board keeps rejecting candidates for months. Thought you two should connect.,CEOs and founders of mid-size companies,board keeps rejecting candidates for months,executive_search,,not_specified,multi_industry,,,low,mixed,not_applicable,global,8,"The firm explicitly markets executive search and board consulting, with no mention of other recruiting services. It serves a broad range of industries worldwide, indicating a multi‑industry focus and low niche specificity. Client size is not defined, but language about leading and emerging companies suggests a mixed client base.","{""primary_service"": ""executive_search"", ""secondary_services"": [], ""business_model"": ""not_specified"", ""primary_industry"": ""multi_industry"", ""secondary_industries"": [], ""sub_industry"": null, ""specificity"": ""low"", ""company_type"": ""mixed"", ""company_stage"": ""not_applicable"", ""geography"": ""global"", ""confidence"": 8, ""reasoning"": ""The firm explicitly markets executive search and board consulting, with no mention of other recruiting services. It serves a broad range of industries worldwide, indicating a multi‑industry focus and low niche specificity. Client size is not defined, but language about leading and emerging companies suggests a mixed client base.""}",11.92,18.75
Gerard Daniels,http://www.gerard-daniels.com,"Figured I’d reach out — I talk to a lot of CEOs and founders at multinational companies and they keep saying they can’t secure top senior execs globally.

Thought you two should connect.",Figured I'd reach out — I talk to a lot of CEOs and founders of mid-size companies and they keep saying they can't find a VP fast enough. Thought you two should connect.,CEOs and founders of mid-size companies,can't find a VP fast enough,executive_search,permanent_recruiting,retained,multi_industry,,,low,mixed,not_applicable,national,8,"ETS markets executive and professional recruiting with retained, container, and contingency options, indicating an executive search focus. No single industry niche is mentioned, and the firm serves a broad client base nationwide, leading to a mixed company type classification.","{""primary_service"": ""executive_search"", ""secondary_services"": [""permanent_recruiting""], ""business_model"": ""retained"", ""primary_industry"": ""multi_industry"", ""secondary_industries"": [], ""sub_industry"": null, ""specificity"": ""low"", ""company_type"": ""mixed"", ""company_stage"": ""not_applicable"", ""geography"": ""national"", ""confidence"": 8, ""reasoning"": ""ETS markets executive and professional recruiting with retained, container, and contingency options, indicating an executive search focus. No single industry niche is mentioned, and the firm serves a broad client base nationwide, leading to a mixed company type classification.""}",11.42,19.41
CareerList,http://www.performsearch.com,"Figured I’d reach out — I talk to a lot of CEOs and founders hiring execs and they keep saying they can't find qualified senior execs.

Thought you two should connect.",Figured I'd reach out — I talk to a lot of CEOs and founders of mid-size companies and they keep saying they struggle to find the right leaders fast. Thought you two should connect.,CEOs and founders of mid-size companies,struggle to find the right leaders fast,executive_search,unknown,retained,multi_industry,,,medium,mixed,not_applicable,global,8,"Gerard Daniels primarily offers executive search services with a retained business model, focusing on leadership placements across multiple industries. The firm serves a diverse range of clients globally, indicating a mixed client company type, but does not specify particular industries or stages.","{""primary_service"": ""executive_search"", ""secondary_services"": [""unknown""], ""business_model"": ""retained"", ""primary_industry"": ""multi_industry"", ""secondary_industries"": [], ""sub_industry"": null, ""specificity"": ""medium"", ""company_type"": ""mixed"", ""company_stage"": ""not_applicable"", ""geography"": ""global"", ""confidence"": 8, ""reasoning"": ""Gerard Daniels primarily offers executive search services with a retained business model, focusing on leadership placements across multiple industries. The firm serves a diverse range of clients globally, indicating a mixed client company type, but does not specify particular industries or stages.""}",12.52,19.2
InPeak Demand,http://www.inpeakdemand.com,"Figured I’d reach out — I talk to a lot of CEOs and founders in all sorts of companies and they keep saying they can’t get top execs fast enough.

Thought you two should connect.",Figured I'd reach out — I talk to a lot of founders and hiring managers at mid-size renewable energy companies and they keep saying they struggle to find engineers who stick around. Thought you two should connect.,founders and hiring managers at mid-size renewable energy companies,struggle to find engineers who stick around,permanent_recruiting,unknown,not_specified,other,unknown,renewables,medium,unknown,not_applicable,unknown,7,"Peak Demand specializes in renewable energy recruitment, indicating a focus on the renewables sector. However, there is a lack of specific details regarding their business model, client types, or geographic scope, leading to a medium specificity classification.","{""primary_service"": ""permanent_recruiting"", ""secondary_services"": [""unknown""], ""business_model"": ""not_specified"", ""primary_industry"": ""other"", ""secondary_industries"": [""unknown""], ""sub_industry"": ""renewables"", ""specificity"": ""medium"", ""company_type"": ""unknown"", ""company_stage"": ""not_applicable"", ""geography"": ""unknown"", ""confidence"": 7, ""reasoning"": ""Peak Demand specializes in renewable energy recruitment, indicating a focus on the renewables sector. However, there is a lack of specific details regarding their business model, client types, or geographic scope, leading to a medium specificity classification.""}",13.61,19.3
Slate,http://www.joinslate.com,"Figured I’d reach out — I talk to a lot of CEOs and founders in finance and they keep saying they can’t snag senior finance leaders with niche chops.

Thought you two should connect.",Figured I'd reach out — I talk to a lot of CEOs and founders at mid-size community banks and they keep saying they board keeps rejecting candidates three months in. Thought you two should connect.,CEOs and founders at mid-size community banks,board keeps rejecting candidates three months in,executive_search,staffing,retained,finance,manufacturing,banking,high,smb,not_applicable,national,8,"The firm explicitly states it is a retained executive search firm for financial services executives, indicating executive_search as the primary service and a retained business model. It focuses on banks, insurance, wealth management and private equity (finance) and also mentions industrial firms (manufacturing), with a clear niche in smaller US market cities, leading to high specificity and a SMB client focus.","{""primary_service"": ""executive_search"", ""secondary_services"": [""staffing""], ""business_model"": ""retained"", ""primary_industry"": ""finance"", ""secondary_industries"": [""manufacturing""], ""sub_industry"": ""banking"", ""specificity"": ""high"", ""company_type"": ""smb"", ""company_stage"": ""not_applicable"", ""geography"": ""national"", ""confidence"": 8, ""reasoning"": ""The firm explicitly states it is a retained executive search firm for financial services executives, indicating executive_search as the primary service and a retained business model. It focuses on banks, insurance, wealth management and private equity (finance) and also mentions industrial firms (manufacturing), with a clear niche in smaller US market cities, leading to high specificity and a SMB client focus.""}",15.14,18.22
Catholic,http://www.catholicrecruiter.com,"Figured I’d reach out — I talk to a lot of CEOs and founders in firms hunting senior leaders and they keep saying they can’t lock down top execs.

Thought you two should connect.",Figured I'd reach out — I talk to a lot of CEOs and founders at VC‑backed consumer brands and they keep saying they can't find a CMO who gets our brand vibe. Thought you two should connect.,CEOs and founders at VC‑backed consumer brands,can't find a CMO who gets our brand vibe,executive_search,permanent_recruiting,not_specified,multi_industry,,,medium,vc_backed,established,national,8,"The firm describes itself as a boutique executive search firm focused on high‑growth, well‑funded consumer brands, indicating executive search as the core service and permanent placement as a likely secondary offering. It serves many consumer‑related sectors across the US and Canada, showing a multi‑industry focus without a single niche sub‑industry. The mention of well‑funded brands suggests VC‑backed clients, but no specific stage is given, so the stage is marked as established.","{""primary_service"": ""executive_search"", ""secondary_services"": [""permanent_recruiting""], ""business_model"": ""not_specified"", ""primary_industry"": ""multi_industry"", ""secondary_industries"": [], ""sub_industry"": null, ""specificity"": ""medium"", ""company_type"": ""vc_backed"", ""company_stage"": ""established"", ""geography"": ""national"", ""confidence"": 8, ""reasoning"": ""The firm describes itself as a boutique executive search firm focused on high‑growth, well‑funded consumer brands, indicating executive search as the core service and permanent placement as a likely secondary offering. It serves many consumer‑related sectors across the US and Canada, showing a multi‑industry focus without a single niche sub‑industry. The mention of well‑funded brands suggests VC‑backed clients, but no specific stage is given, so the stage is marked as established.""}",14.81,18.81
Flatiron Search,http://www.flatironsearch.com,"Figured I’d reach out — I talk to a lot of CEOs and founders in growing retail brands and they keep saying they can’t lock down senior retail leaders fast enough.

Thought you two should connect.",Figured I'd reach out — I talk to a lot of bishops and principals at Catholic schools and they keep saying they can't find priests who can manage budgets. Thought you two should connect.,bishops and principals at Catholic schools,can't find priests who can manage budgets,executive_search,,not_specified,other,,nonprofit,high,mixed,not_applicable,unknown,9,"The firm explicitly offers executive search for Catholic dioceses, schools and religious orders, indicating a clear niche (high specificity). It serves a range of organization sizes (dioceses to small schools), so client type is mixed. No geographic or fee model details are provided.","{""primary_service"": ""executive_search"", ""secondary_services"": [], ""business_model"": ""not_specified"", ""primary_industry"": ""other"", ""secondary_industries"": [], ""sub_industry"": ""nonprofit"", ""specificity"": ""high"", ""company_type"": ""mixed"", ""company_stage"": ""not_applicable"", ""geography"": ""unknown"", ""confidence"": 9, ""reasoning"": ""The firm explicitly offers executive search for Catholic dioceses, schools and religious orders, indicating a clear niche (high specificity). It serves a range of organization sizes (dioceses to small schools), so client type is mixed. No geographic or fee model details are provided.""}",15.03,19.28
Flower Hire,http://www.flowerhire.com,"Figured I’d reach out — I talk to a lot of CEOs and founders in healthcare and they keep saying they can’t attract senior health leaders fast enough.

Thought you two should connect.",Figured I'd reach out — I talk to a lot of CEOs and founders of Catholic nonprofits and they keep saying they struggle to find mission-driven leaders. Thought you two should connect.,CEOs and founders of Catholic nonprofits,struggle to find mission-driven leaders,executive_search,"sourcing, unknown",retained,other,unknown,nonprofit,high,mixed,not_applicable,national,9,"The firm specializes in executive search for Catholic organizations, indicating a clear niche in the nonprofit sector. Their focus on mission-driven recruitment and alignment with Catholic values further solidifies their specific positioning. While they serve various types of organizations, the lack of explicit client characteristics suggests a mixed client type.","{""primary_service"": ""executive_search"", ""secondary_services"": [""sourcing"", ""unknown""], ""business_model"": ""retained"", ""primary_industry"": ""other"", ""secondary_industries"": [""unknown""], ""sub_industry"": ""nonprofit"", ""specificity"": ""high"", ""company_type"": ""mixed"", ""company_stage"": ""not_applicable"", ""geography"": ""national"", ""confidence"": 9, ""reasoning"": ""The firm specializes in executive search for Catholic organizations, indicating a clear niche in the nonprofit sector. Their focus on mission-driven recruitment and alignment with Catholic values further solidifies their specific positioning. While they serve various types of organizations, the lack of explicit client characteristics suggests a mixed client type.""}",15.61,19.36
Prestige,http://www.prestigescientific.com,"Figured I’d reach out — I talk to a lot of CEOs and founders in healthcare and they keep saying they can’t attract senior health leaders.

Thought you two should connect.",Figured I'd reach out — I talk to a lot of CEOs and founders in the life sciences sector and they keep saying they struggle to find the right executive talent. Thought you two should connect.,CEOs and founders in the life sciences sector,struggle to find the right executive talent,executive_search,,not_specified,healthcare,,other,high,unknown,not_applicable,national,9,"Prestige Scientific specializes in executive search within the life sciences sector, indicating a clear niche. While the primary industry is healthcare, the specific sub-industry aligns with 'other' due to the broad focus on life sciences without a more precise classification. The lack of explicit client company type or stage suggests uncertainty in those areas.","{""primary_service"": ""executive_search"", ""secondary_services"": [], ""business_model"": ""not_specified"", ""primary_industry"": ""healthcare"", ""secondary_industries"": [], ""sub_industry"": ""other"", ""specificity"": ""high"", ""company_type"": ""unknown"", ""company_stage"": ""not_applicable"", ""geography"": ""national"", ""confidence"": 9, ""reasoning"": ""Prestige Scientific specializes in executive search within the life sciences sector, indicating a clear niche. While the primary industry is healthcare, the specific sub-industry aligns with 'other' due to the broad focus on life sciences without a more precise classification. The lack of explicit client company type or stage suggests uncertainty in those areas.""}",18.02,17.03
GX People,http://www.gxpeople.com,"Figured I’d reach out — I talk to a lot of CEOs and founders in healthcare and they keep saying they can’t find senior leaders fast enough.

Thought you two should connect.",Figured I'd reach out — I talk to a lot of CEOs and founders in the cannabis industry and they keep saying they struggle to find the right leadership talent. Thought you two should connect.,CEOs and founders in the cannabis industry,struggle to find the right leadership talent,executive_search,staffing,not_specified,other,,,high,unknown,not_applicable,unknown,8,"FlowerHire specializes in executive search within the cannabis industry, indicating a clear niche. However, there are no explicit details about the client company types or geographic scope, leading to some uncertainty in those classifications.","{""primary_service"": ""executive_search"", ""secondary_services"": [""staffing""], ""business_model"": ""not_specified"", ""primary_industry"": ""other"", ""secondary_industries"": [], ""sub_industry"": null, ""specificity"": ""high"", ""company_type"": ""unknown"", ""company_stage"": ""not_applicable"", ""geography"": ""unknown"", ""confidence"": 8, ""reasoning"": ""FlowerHire specializes in executive search within the cannabis industry, indicating a clear niche. However, there are no explicit details about the client company types or geographic scope, leading to some uncertainty in those classifications.""}",16.69,18.95
FlowerHire,http://www.flowerhire.com,"Figured I’d reach out — I talk to a lot of CEOs and founders in healthcare and they keep saying they can’t find senior leaders fast enough.

Thought you two should connect.",Figured I'd reach out — I talk to a lot of CEOs and founders of pharma companies and they keep saying they struggle to find the right executive talent. Thought you two should connect.,CEOs and founders of pharma companies,struggle to find the right executive talent,executive_search,"contingency, staffing",contingency,healthcare,other,pharma,high,mixed,not_applicable,global,9,"GxPeople Global specializes in executive search and contingency services within the pharmaceuticals and biotechnology sectors, indicating a clear niche. The company operates globally, serving various clients without a specific size focus.","{""primary_service"": ""executive_search"", ""secondary_services"": [""contingency"", ""staffing""], ""business_model"": ""contingency"", ""primary_industry"": ""healthcare"", ""secondary_industries"": [""other""], ""sub_industry"": ""pharma"", ""specificity"": ""high"", ""company_type"": ""mixed"", ""company_stage"": ""not_applicable"", ""geography"": ""global"", ""confidence"": 9, ""reasoning"": ""GxPeople Global specializes in executive search and contingency services within the pharmaceuticals and biotechnology sectors, indicating a clear niche. The company operates globally, serving various clients without a specific size focus.""}",18.2,17.81
SRI Talent,http://www.sritalent.com,"Figured I’d reach out — I talk to a lot of CEOs and founders in healthcare and they keep saying they can’t find senior leaders with the right health know-how.

Thought you two should connect.",Figured I'd reach out — I talk to a lot of CEOs and founders of healthcare companies and they keep saying they struggle to find top-tier executives quickly. Thought you two should connect.,CEOs and founders of healthcare companies,struggle to find top-tier executives quickly,executive_search,"staffing, permanent_recruiting",retained,healthcare,"finance, manufacturing",aerospace_defense,high,mixed,not_applicable,unknown,8,"SRI primarily focuses on executive search with a strong emphasis on healthcare, evidenced by their work with a large healthcare company. They also provide staffing and permanent recruiting services, indicating a mixed client base across various industries.","{""primary_service"": ""executive_search"", ""secondary_services"": [""staffing"", ""permanent_recruiting""], ""business_model"": ""retained"", ""primary_industry"": ""healthcare"", ""secondary_industries"": [""finance"", ""manufacturing""], ""sub_industry"": ""aerospace_defense"", ""specificity"": ""high"", ""company_type"": ""mixed"", ""company_stage"": ""not_applicable"", ""geography"": ""unknown"", ""confidence"": 8, ""reasoning"": ""SRI primarily focuses on executive search with a strong emphasis on healthcare, evidenced by their work with a large healthcare company. They also provide staffing and permanent recruiting services, indicating a mixed client base across various industries.""}",19.2,17.52
Delson,http://www.delsontalent.com,"Figured I’d reach out — I talk to a lot of CEOs and founders in healthcare and they keep saying they can’t find senior leaders with the right healthcare chops.
Thought you two should connect.",Figured I'd reach out — I talk to a lot of CEOs and founders of biotech companies in California and they keep saying they struggle to find the right executive talent. Thought you two should connect.,CEOs and founders of biotech companies in California,struggle to find the right executive talent,executive_search,"permanent_recruiting, staffing",retained,healthcare,"information_technology, other",biotech,medium,unknown,not_applicable,local,7,"The firm specializes in executive search within the biotech sector and also mentions staffing and permanent recruiting services. It serves clients in California, indicating a local geographic focus, but lacks clarity on the specific client company type.","{""primary_service"": ""executive_search"", ""secondary_services"": [""permanent_recruiting"", ""staffing""], ""business_model"": ""retained"", ""primary_industry"": ""healthcare"", ""secondary_industries"": [""information_technology"", ""other""], ""sub_industry"": ""biotech"", ""specificity"": ""medium"", ""company_type"": ""unknown"", ""company_stage"": ""not_applicable"", ""geography"": ""local"", ""confidence"": 7, ""reasoning"": ""The firm specializes in executive search within the biotech sector and also mentions staffing and permanent recruiting services. It serves clients in California, indicating a local geographic focus, but lacks clarity on the specific client company type.""}",20.09,17.33
Brio,http://www.briogrp.com,"Figured I’d reach out — I talk to a lot of CEOs and founders in healthcare and they keep saying they can’t snag senior clinical leaders in a niche pool.

Thought you two should connect.",Figured I'd reach out — I talk to a lot of CEOs and founders of established VC-backed biotech companies and they keep saying they struggle to find the right executive talent. Thought you two should connect.,CEOs and founders of established VC-backed biotech companies,struggle to find the right executive talent,executive_search,"staffing, permanent_recruiting",retained,healthcare,information_technology,biotech,high,vc_backed,established,unknown,8,"Brio Group specializes in executive search within the Life Sciences and Technology sectors, particularly focusing on high-growth startups, which indicates a clear niche. The emphasis on roles in biotech and medical devices further supports the classification, while the lack of explicit geographic and pricing details leads to a lower confidence score.","{""primary_service"": ""executive_search"", ""secondary_services"": [""staffing"", ""permanent_recruiting""], ""business_model"": ""retained"", ""primary_industry"": ""healthcare"", ""secondary_industries"": [""information_technology""], ""sub_industry"": ""biotech"", ""specificity"": ""high"", ""company_type"": ""vc_backed"", ""company_stage"": ""established"", ""geography"": ""unknown"", ""confidence"": 8, ""reasoning"": ""Brio Group specializes in executive search within the Life Sciences and Technology sectors, particularly focusing on high-growth startups, which indicates a clear niche. The emphasis on roles in biotech and medical devices further supports the classification, while the lack of explicit geographic and pricing details leads to a lower confidence score.""}",21.83,16.03
Chasm Partners,http://www.chasmpartners.com,"Figured I’d reach out — I talk to a lot of CEOs and founders in healthcare and they keep saying they can’t snag senior healthcare leaders.
Thought you two should connect.",Figured I'd reach out — I talk to a lot of founders and hiring managers at mid-size biotech companies in California and they keep saying they can't land senior scientists fast enough. Thought you two should connect.,founders and hiring managers at mid-size biotech companies in California,can't land senior scientists fast enough,permanent_recruiting,"executive_search, rpo",retained,healthcare,"information_technology, construction",biotech,high,mixed,not_applicable,local,8,"The firm highlights full‑cycle (permanent) recruitment as a core offering and also lists executive search and embedded recruitment (RPO). It explicitly mentions retained searches, indicating a retained business model. Primary focus on biotech/pharma/med‑device places it in healthcare > biotech, with clear niche signals, while serving both startups and established firms in California.","{""primary_service"": ""permanent_recruiting"", ""secondary_services"": [""executive_search"", ""rpo""], ""business_model"": ""retained"", ""primary_industry"": ""healthcare"", ""secondary_industries"": [""information_technology"", ""construction""], ""sub_industry"": ""biotech"", ""specificity"": ""high"", ""company_type"": ""mixed"", ""company_stage"": ""not_applicable"", ""geography"": ""local"", ""confidence"": 8, ""reasoning"": ""The firm highlights full‑cycle (permanent) recruitment as a core offering and also lists executive search and embedded recruitment (RPO). It explicitly mentions retained searches, indicating a retained business model. Primary focus on biotech/pharma/med‑device places it in healthcare > biotech, with clear niche signals, while serving both startups and established firms in California.""}",19.83,18.36
CCA,http://www.ccarecruit.com,"Figured I’d reach out — I talk to a lot of CEOs and founders in logistics and they keep saying they can’t snag senior logistics talent.

Thought you two should connect.",Figured I'd reach out — I talk to a lot of CEOs and founders of mid-size logistics companies and they keep saying they struggle to find the right leaders fast. Thought you two should connect.,CEOs and founders of mid-size logistics companies,struggle to find the right leaders fast,executive_search,"staffing, permanent_recruiting",not_specified,logistics,"manufacturing, finance",supply_chain_management,medium,mixed,not_applicable,national,8,"CCA Recruit focuses on executive recruiting for high-impact positions across multiple industries, with a strong emphasis on logistics and supply chain. While they serve various sectors, their primary focus on leadership roles suggests a clear niche, albeit with some ambiguity in their specific delivery model.","{""primary_service"": ""executive_search"", ""secondary_services"": [""staffing"", ""permanent_recruiting""], ""business_model"": ""not_specified"", ""primary_industry"": ""logistics"", ""secondary_industries"": [""manufacturing"", ""finance""], ""sub_industry"": ""supply_chain_management"", ""specificity"": ""medium"", ""company_type"": ""mixed"", ""company_stage"": ""not_applicable"", ""geography"": ""national"", ""confidence"": 8, ""reasoning"": ""CCA Recruit focuses on executive recruiting for high-impact positions across multiple industries, with a strong emphasis on logistics and supply chain. While they serve various sectors, their primary focus on leadership roles suggests a clear niche, albeit with some ambiguity in their specific delivery model.""}",23.08,15.92
Palladian West,http://www.palladianwest.com,"Figured I’d reach out — I talk to a lot of CEOs and founders in mid-sized firms and they keep saying they can’t lock down senior leaders fast enough.

Thought you two should connect.",Figured I'd reach out — I talk to a lot of CEOs and founders of VC-backed companies and they keep saying they struggle to find the right C-level talent. Thought you two should connect.,CEOs and founders of VC-backed companies,struggle to find the right C-level talent,executive_search,"sourcing, unknown",retained,multi_industry,,,high,vc_backed,not_applicable,unknown,9,"KTG Executive Search clearly focuses on executive search for C-level and VP roles, indicating a high specificity in their niche. They serve high-growth consumer companies, which aligns with the vc_backed classification, but no specific geographic or company stage details are provided.","{""primary_service"": ""executive_search"", ""secondary_services"": [""sourcing"", ""unknown""], ""business_model"": ""retained"", ""primary_industry"": ""multi_industry"", ""secondary_industries"": [], ""sub_industry"": null, ""specificity"": ""high"", ""company_type"": ""vc_backed"", ""company_stage"": ""not_applicable"", ""geography"": ""unknown"", ""confidence"": 9, ""reasoning"": ""KTG Executive Search clearly focuses on executive search for C-level and VP roles, indicating a high specificity in their niche. They serve high-growth consumer companies, which aligns with the vc_backed classification, but no specific geographic or company stage details are provided.""}",24.22,15.78
KTG Search,http://www.ktgsearch.com,"Figured I’d reach out — I talk to a lot of CEOs and founders in mid-sized retail firms and they keep saying they can’t attract senior retail leaders with real growth chops.

Thought you two should connect.",Figured I'd reach out — I talk to a lot of CEOs and founders at established VC‑backed companies and they keep saying they pipeline's always dry when they need a CEO. Thought you two should connect.,CEOs and founders at established VC‑backed companies,pipeline's always dry when they need a CEO,executive_search,sourcing,not_specified,multi_industry,,,high,vc_backed,established,unknown,8,"The firm explicitly markets executive search for C‑level and VP roles and offers talent advisory services, indicating executive_search as the core offering with sourcing as a secondary. It targets high‑growth consumer companies and VC/PE portfolios, suggesting a VC‑backed client base, but no geography or fee model is disclosed.","{""primary_service"": ""executive_search"", ""secondary_services"": [""sourcing""], ""business_model"": ""not_specified"", ""primary_industry"": ""multi_industry"", ""secondary_industries"": [], ""sub_industry"": null, ""specificity"": ""high"", ""company_type"": ""vc_backed"", ""company_stage"": ""established"", ""geography"": ""unknown"", ""confidence"": 8, ""reasoning"": ""The firm explicitly markets executive search for C‑level and VP roles and offers talent advisory services, indicating executive_search as the core offering with sourcing as a secondary. It targets high‑growth consumer companies and VC/PE portfolios, suggesting a VC‑backed client base, but no geography or fee model is disclosed.""}",23.86,16.44
